Tag_#,Sire,Dam's_Sire,Reg_#,D.O.B.,BW,205_ratio,365_ratio,Dam's_#_of_NR_Calves,Dam's_NR,Dam's_#_of__YR_Calves,Dam's_YR,CED,Birth,Wean,Yrlng__,HP__,Milk,CW,Marb,RE,$M,$F,$G,$B,$C
897D,ACC Ascension,Cnly Rampart,19829294,11/10/19,68.00,111.00,118.00,1.00,111.00,1.00,118.00,10.00,0.60,74.00,137.00,11.00,36.00,53.00,0.89,0.69,84.00,91.00,66.00,157.00,288.00
8557,ACC Ascension,Pltmre Weigh Up,19829213,11/14/19,73.00,108.00,113.00,1.00,108.00,1.00,113.00,12.00,-0.50,72.00,136.00,14.10,24.00,55.00,0.32,0.55,71.00,103.00,37.00,140.00,253.00
8330,ACC Ascension,GAR Drive,19829387,11/14/19,71.00,115.00,112.00,1.00,115.00,1.00,112.00,8.00,-1.00,72.00,132.00,16.70,24.00,57.00,0.89,0.81,73.00,111.00,66.00,178.00,304.00
8274,ACC Ascension,Cnly National,19829381,12/2/19,69.00,115.00,115.00,1.00,115.00,1.00,115.00,11.00,0.40,73.00,135.00,14.60,35.00,54.00,0.53,1.02,69.00,96.00,54.00,150.00,264.00
818E,ACC Ascension,Cnly Regulator,19926776,12/2/19,72.00,84.00,96.00,1.00,84.00,1.00,96.00,5.00,2.30,72.00,132.00,11.40,25.00,62.00,0.78,0.78,59.00,108.00,62.00,170.00,279.00
618H,Bennett Constitution,9Q20,19829198,11/14/19,76.00,121.00,114.00,2.00,107.00,2.00,106.00,3.00,3.10,77.00,145.00,11.60,29.00,80.00,0.74,0.53,53.00,134.00,55.00,189.00,298.00
5514A,Bennett Constitution,Cnly Plus,19829321,11/24/19,64.00,102.00,107.00,0.00,0.00,0.00,0.00,11.00,-0.30,68.00,127.00,12.20,47.00,56.00,0.61,0.46,68.00,102.00,45.00,146.00,257.00
5514B,Bennett Constitution,Cnly Plus,19829231,11/24/19,64.00,134.00,105.00,0.00,0.00,0.00,0.00,8.00,1.20,70.00,126.00,12.60,30.00,56.00,0.41,0.62,74.00,105.00,41.00,146.00,263.00
7703,Bennett Constitution,Cnly Greeley,19829370,12/2/19,82.00,85.00,98.00,1.00,85.00,1.00,98.00,4.00,2.40,82.00,149.00,12.80,33.00,59.00,0.48,0.61,78.00,99.00,45.00,145.00,266.00
8276,Bennett Constitution,PVF Insight,19829216,12/5/19,75.00,104.00,99.00,1.00,104.00,1.00,99.00,2.00,1.80,72.00,123.00,13.00,29.00,63.00,0.34,0.81,62.00,109.00,43.00,152.00,259.00
8221,Bennett Constitution,Bldrdge Colonel,19829251,12/6/19,72.00,112.00,108.00,0.00,0.00,0.00,0.00,8.00,0.90,73.00,130.00,5.80,26.00,54.00,0.96,0.82,56.00,100.00,70.00,170.00,276.00
8273,Bennett Constitution,SF Speedway,19829403,12/9/19,72.00,89.00,98.00,1.00,89.00,1.00,98.00,10.00,0.50,73.00,133.00,11.00,37.00,60.00,0.64,0.35,68.00,112.00,45.00,156.00,270.00
731,Benntt Optimzer,Haynes Outright,19829237,12/5/19,78.00,106.00,109.00,2.00,97.00,1.00,109.00,7.00,1.70,77.00,143.00,11.80,14.00,56.00,0.90,0.71,40.00,107.00,66.00,173.00,264.00
722C,Benntt Optimzer,SS Niagara,19829346,12/8/19,65.00,96.00,101.00,2.00,101.00,1.00,101.00,11.00,-1.50,67.00,125.00,14.70,27.00,55.00,1.12,1.14,59.00,103.00,85.00,188.00,303.00
75L,Benntt Optimzer,Pywt 1682,19829338,12/8/19,84.00,102.00,101.00,2.00,102.00,1.00,101.00,11.00,0.70,68.00,127.00,8.80,34.00,56.00,0.55,1.14,38.00,102.00,58.00,161.00,247.00
774L,Benntt Optimzer,Dr Vlly Old Hckry,19829190,12/11/19,79.00,118.00,101.00,2.00,117.00,1.00,101.00,11.00,0.80,74.00,127.00,10.20,22.00,42.00,0.66,0.67,25.00,81.00,58.00,138.00,204.00
7482,Benntt Optimzer,Cnly Big Money,19829259,12/14/19,84.00,87.00,87.00,2.00,86.00,1.00,87.00,1.00,4.50,73.00,134.00,5.60,24.00,46.00,0.82,0.75,42.00,82.00,66.00,148.00,234.00
7310,Benntt Optimzer,GAR Sure Fire,19829270,12/16/19,70.00,106.00,102.00,2.00,98.00,2.00,98.00,12.00,0.10,86.00,148.00,15.90,29.00,61.00,0.79,0.91,73.00,99.00,64.00,163.00,284.00
7643,Benntt Optimzer,Cnly Big Money,19829353,12/21/19,84.00,105.00,99.00,2.00,100.00,1.00,99.00,2.00,4.10,75.00,131.00,11.80,20.00,56.00,0.79,0.80,59.00,95.00,64.00,159.00,265.00
7517,Benntt Optimzer,Pltmre Weigh Up,19829375,12/25/19,85.00,100.00,111.00,2.00,102.00,1.00,111.00,-2.00,5.60,92.00,165.00,9.00,21.00,86.00,0.91,1.04,51.00,141.00,76.00,217.00,332.00
732T,Benntt Optimzer,PA Full Power,19829390,12/27/19,90.00,106.00,109.00,1.00,106.00,1.00,109.00,-3.00,5.80,89.00,164.00,8.50,10.00,68.00,0.80,0.68,28.00,114.00,65.00,179.00,260.00
754L,Benntt Optimzer,Cnly Greeley,19829386,12/29/19,77.00,103.00,102.00,2.00,96.00,2.00,101.00,5.00,3.40,82.00,151.00,12.80,16.00,65.00,0.90,0.75,59.00,114.00,69.00,183.00,296.00
81X,Benntt Optimzer,Marathon,19830658,1/28/20,75.00,92.00,0.00,9.00,100.00,3.00,102.00,10.00,1.20,60.00,106.00,10.20,13.00,32.00,0.68,0.46,41.00,73.00,54.00,128.00,207.00
6319,Benntt Optimzer,VAR Index,19830678,2/5/20,80.00,100.00,0.00,3.00,106.00,2.00,99.00,10.00,1.90,75.00,133.00,14.00,25.00,59.00,0.55,1.01,63.00,97.00,58.00,155.00,264.00
158,Benntt Optimzer,Answer 7304,19830694,2/11/20,65.00,100.00,0.00,6.00,98.00,3.00,99.00,14.00,-1.20,59.00,107.00,12.20,20.00,24.00,0.57,0.35,54.00,56.00,47.00,103.00,188.00
8169,Benntt Optimzer,Predestined,19830695,2/11/20,80.00,101.00,0.00,10.00,102.00,8.00,101.00,8.00,2.50,58.00,102.00,8.40,23.00,35.00,1.32,0.24,41.00,70.00,79.00,149.00,234.00
173L,Benntt Optimzer,Consensus,19921252,2/18/20,90.00,105.00,0.00,5.00,98.00,1.00,102.00,-2.00,4.20,76.00,135.00,10.10,24.00,52.00,0.70,0.35,45.00,89.00,53.00,142.00,229.00
6899,Benntt Optimzer,SAV Recharge,19830707,2/29/20,85.00,103.00,0.00,3.00,104.00,2.00,102.00,6.00,1.90,69.00,123.00,14.30,22.00,42.00,0.59,0.56,58.00,78.00,54.00,133.00,231.00
516C,Bobcat Blue Sky,Cnly Pwr Surge,19848031,8/3/19,96.00,97.00,100.00,3.00,99.00,3.00,97.00,3.00,4.90,78.00,135.00,13.90,28.00,60.00,0.59,0.75,73.00,105.00,50.00,155.00,274.00
622H,Bobcat Blue Sky,9Q20,19847995,8/3/19,77.00,102.00,105.00,1.00,102.00,1.00,105.00,8.00,0.90,61.00,112.00,13.50,19.00,45.00,0.33,1.01,71.00,99.00,43.00,143.00,256.00
6574,Bobcat Blue Sky,GAR Prophecy,19848004,8/3/19,81.00,114.00,115.00,2.00,108.00,2.00,109.00,3.00,3.20,74.00,133.00,15.00,29.00,67.00,0.80,0.78,62.00,110.00,59.00,170.00,282.00
534Y,Bobcat Blue Sky,SAV Resource,19848060,8/4/19,76.00,98.00,96.00,3.00,94.00,3.00,96.00,6.00,2.50,58.00,103.00,14.20,26.00,37.00,0.34,0.43,69.00,76.00,35.00,111.00,213.00
0427,Bobcat Blue Sky,Pendleton,19847934,8/6/19,85.00,86.00,95.00,8.00,100.00,6.00,101.00,7.00,1.00,54.00,101.00,9.10,28.00,42.00,0.76,0.56,59.00,86.00,54.00,140.00,241.00
631H,Bobcat Blue Sky,Rito 12E7,19847977,8/8/19,75.00,100.00,100.00,1.00,100.00,1.00,100.00,7.00,0.80,64.00,115.00,12.00,28.00,60.00,0.81,0.85,65.00,109.00,62.00,171.00,287.00
826A,Bobcat Blue Sky,Bextor,19847987,8/9/19,60.00,86.00,101.00,9.00,98.00,8.00,99.00,13.00,0.50,66.00,118.00,10.70,25.00,45.00,0.56,0.32,70.00,83.00,41.00,124.00,231.00
4208,Bobcat Blue Sky,Cnly Arsenal,19847917,8/10/19,84.00,104.00,108.00,4.00,102.00,4.00,102.00,10.00,0.90,64.00,113.00,13.30,25.00,46.00,0.57,0.46,64.00,92.00,45.00,137.00,242.00
368C,Bobcat Blue Sky,PA Pwr Tool,19848056,8/15/19,77.00,98.00,99.00,3.00,101.00,3.00,101.00,9.00,0.40,58.00,109.00,10.50,29.00,47.00,0.90,0.67,54.00,91.00,63.00,155.00,255.00
0531,Bobcat Blue Sky,Upward,19853207,8/15/19,90.00,113.00,106.00,8.00,101.00,7.00,101.00,5.00,4.00,75.00,127.00,13.80,26.00,59.00,0.67,0.53,91.00,100.00,49.00,149.00,284.00
371H,Bobcat Blue Sky,Cnly Counselor,19848020,8/23/19,89.00,100.00,100.00,5.00,94.00,4.00,96.00,1.00,2.40,70.00,115.00,15.00,23.00,48.00,0.68,0.66,68.00,83.00,55.00,138.00,247.00
6159,Bobcat Blue Sky,Cnly Plus,19848033,8/23/19,77.00,107.00,110.00,2.00,101.00,2.00,101.00,6.00,1.10,75.00,135.00,15.20,35.00,54.00,1.21,0.56,86.00,97.00,73.00,170.00,306.00
0453,Bobcat Blue Sky,Stimulus,19848054,8/25/19,88.00,97.00,103.00,7.00,99.00,5.00,100.00,0.00,5.30,70.00,124.00,15.60,31.00,50.00,0.73,0.48,80.00,83.00,56.00,139.00,260.00
389K,Bobcat Blue Sky,EF Authentic,19847994,8/26/19,96.00,103.00,105.00,5.00,104.00,3.00,104.00,5.00,2.70,85.00,148.00,12.30,35.00,69.00,0.41,0.65,59.00,103.00,43.00,146.00,248.00
9566,Bobcat Blue Sky,Right Answer,19848039,9/14/19,77.00,107.00,102.00,8.00,104.00,7.00,103.00,9.00,1.30,77.00,131.00,16.40,31.00,65.00,0.68,0.50,92.00,110.00,48.00,158.00,297.00
89E,Bobcat Blue Sky,Ten Speed,19936300,11/13/19,68.00,106.00,100.00,1.00,106.00,1.00,100.00,9.00,0.90,74.00,127.00,14.50,23.00,58.00,0.66,0.81,66.00,105.00,55.00,160.00,274.00
756,BUBS Sthrn Charm,Cnly Concord,19829246,11/22/19,80.00,93.00,89.00,2.00,93.00,2.00,93.00,4.00,1.90,62.00,98.00,12.20,25.00,39.00,0.70,0.93,81.00,86.00,60.00,146.00,270.00
7254,BUBS Sthrn Charm,Pltmre Weigh Up,19829291,11/23/19,85.00,105.00,114.00,2.00,102.00,1.00,114.00,4.00,3.70,77.00,127.00,12.30,20.00,55.00,0.54,0.68,97.00,95.00,48.00,143.00,282.00
7936,BUBS Sthrn Charm,SAV Rl Perfrmnce,19829343,11/24/19,76.00,94.00,97.00,2.00,90.00,1.00,97.00,6.00,2.20,64.00,118.00,7.30,28.00,44.00,0.41,0.68,46.00,86.00,41.00,127.00,211.00
7104,BUBS Sthrn Charm,SS Niagara,19829355,11/25/19,68.00,88.00,88.00,2.00,99.00,2.00,97.00,10.00,1.50,60.00,104.00,8.60,8.00,23.00,0.80,0.53,45.00,62.00,59.00,121.00,202.00
7168,BUBS Sthrn Charm,SS Niagara,19829369,11/25/19,76.00,101.00,99.00,1.00,101.00,1.00,99.00,0.00,2.50,72.00,134.00,9.70,30.00,58.00,0.38,0.98,58.00,100.00,45.00,145.00,246.00
7852,BUBS Sthrn Charm,Cnly Concord,19829373,11/26/19,82.00,104.00,101.00,2.00,96.00,1.00,101.00,5.00,2.80,77.00,127.00,11.60,22.00,50.00,0.34,0.74,81.00,91.00,41.00,132.00,252.00
5206,BUBS Sthrn Charm,Brstw Cash,19829211,11/28/19,83.00,97.00,94.00,3.00,103.00,3.00,101.00,4.00,2.70,65.00,116.00,10.50,28.00,40.00,0.56,0.87,61.00,83.00,51.00,134.00,235.00
7674,BUBS Sthrn Charm,Cnly Century,19829345,12/1/19,65.00,114.00,98.00,1.00,114.00,1.00,98.00,14.00,-1.40,72.00,123.00,16.30,36.00,55.00,0.61,0.92,64.00,97.00,54.00,151.00,260.00
1263,Casino Bomber,Confidence,19830686,1/19/20,75.00,101.00,0.00,3.00,111.00,3.00,105.00,8.00,0.70,84.00,142.00,20.00,27.00,79.00,0.42,0.90,69.00,122.00,46.00,168.00,287.00
6704,Casino Bomber,Confidence,19830713,1/20/20,65.00,110.00,0.00,3.00,111.00,3.00,105.00,9.00,0.20,96.00,156.00,17.60,23.00,86.00,0.32,0.84,71.00,117.00,39.00,156.00,273.00
925,Casino Bomber,Hemisphere,19830712,1/20/20,70.00,105.00,0.00,3.00,106.00,3.00,107.00,11.00,-0.80,73.00,119.00,7.20,29.00,47.00,0.96,0.67,50.00,83.00,70.00,153.00,248.00
2305,Casino Bomber,Hemisphere,19830715,1/20/20,75.00,101.00,0.00,3.00,106.00,3.00,107.00,10.00,0.50,84.00,142.00,13.70,29.00,73.00,0.45,0.87,67.00,118.00,51.00,170.00,287.00
4340,Casino Bomber,Hemisphere,19830702,1/20/20,70.00,100.00,0.00,3.00,106.00,3.00,107.00,6.00,0.50,91.00,160.00,9.40,30.00,84.00,0.71,1.02,52.00,128.00,64.00,192.00,301.00
640,Casino Bomber,Confidence,19830721,1/23/20,65.00,100.00,0.00,3.00,111.00,3.00,105.00,11.00,-0.80,81.00,135.00,15.70,29.00,77.00,0.36,1.17,66.00,115.00,49.00,165.00,280.00
679T,Casino Bomber,Analyst,19830722,1/23/20,75.00,100.00,0.00,9.00,100.00,5.00,108.00,12.00,-0.70,75.00,130.00,14.60,24.00,60.00,0.64,0.58,76.00,102.00,48.00,150.00,271.00
6900,Casino Bomber,Analyst,19830719,1/23/20,70.00,94.00,0.00,9.00,100.00,5.00,108.00,12.00,-1.70,55.00,83.00,11.10,28.00,31.00,1.08,0.37,75.00,62.00,66.00,128.00,241.00
6279,Casino Bomber,Cnly Plus,19830724,1/24/20,70.00,112.00,0.00,3.00,107.00,2.00,106.00,8.00,1.60,89.00,152.00,19.30,24.00,67.00,0.66,1.01,77.00,95.00,61.00,156.00,279.00
6751,Casino Bomber,Cnly Plus,19830726,1/25/20,80.00,102.00,0.00,3.00,107.00,2.00,106.00,9.00,2.30,90.00,149.00,13.00,21.00,68.00,0.65,1.01,85.00,103.00,58.00,160.00,293.00
3309,Casino Bomber,Cnly Plus,19830729,1/25/20,85.00,112.00,0.00,3.00,107.00,2.00,106.00,6.00,2.90,88.00,146.00,17.10,31.00,67.00,0.52,1.01,80.00,97.00,53.00,150.00,275.00
6226,Casino Bomber,Confidence,19830725,1/25/20,75.00,106.00,0.00,3.00,111.00,3.00,105.00,13.00,0.50,83.00,133.00,14.10,21.00,70.00,0.31,1.11,74.00,108.00,44.00,153.00,272.00
0301,Casino Bomber,Cnly Plus,19830733,1/26/20,80.00,100.00,0.00,3.00,107.00,2.00,106.00,6.00,1.30,90.00,144.00,12.30,28.00,57.00,0.79,1.07,94.00,80.00,66.00,146.00,283.00
882,Chry Crk Lnd Grant,Cnly Dry Valley,19829359,11/4/19,61.00,103.00,98.00,1.00,103.00,1.00,98.00,6.00,1.10,68.00,128.00,17.90,27.00,66.00,0.94,1.04,75.00,121.00,74.00,195.00,328.00
8629,Chry Crk Lnd Grant,Cnly Cmmnwlth,19829244,11/15/19,62.00,93.00,97.00,1.00,93.00,1.00,97.00,10.00,0.10,63.00,116.00,13.40,20.00,53.00,0.70,0.42,47.00,107.00,51.00,158.00,252.00
8176,Chry Crk Lnd Grant,Cnly Cade,19829240,11/15/19,70.00,109.00,112.00,1.00,109.00,1.00,112.00,6.00,1.20,69.00,129.00,13.30,27.00,67.00,0.74,0.61,63.00,114.00,56.00,169.00,282.00
8749,Chry Crk Lnd Grant,SF Speedway,19829405,11/19/19,72.00,95.00,98.00,1.00,95.00,1.00,98.00,6.00,-0.20,64.00,117.00,9.70,35.00,53.00,1.03,0.67,54.00,97.00,69.00,166.00,269.00
8670,Chry Crk Lnd Grant,Bldrge 38 Specl,19926773,11/29/19,54.00,74.00,98.00,0.00,0.00,0.00,0.00,11.00,0.20,69.00,126.00,15.90,28.00,56.00,0.68,0.61,65.00,101.00,54.00,155.00,266.00
521,Cnly Conf Plus,Analyst,19830653,1/15/20,70.00,100.00,0.00,9.00,100.00,5.00,108.00,14.00,-0.80,60.00,110.00,8.90,23.00,34.00,0.90,0.71,74.00,72.00,64.00,136.00,250.00
927TB,Cnly Conf Plus,Analyst,19918158,1/16/20,65.00,109.00,0.00,9.00,100.00,5.00,108.00,11.00,0.20,63.00,120.00,11.50,34.00,50.00,0.93,0.74,82.00,96.00,63.00,159.00,288.00
927TA,Cnly Conf Plus,Analyst,19830720,1/16/20,65.00,109.00,0.00,9.00,100.00,5.00,108.00,11.00,0.10,63.00,120.00,11.50,34.00,50.00,0.93,0.74,82.00,96.00,63.00,159.00,288.00
0422,Cnly Conf Plus,Confidence,19830666,1/19/20,75.00,96.00,0.00,3.00,111.00,3.00,105.00,17.00,-0.80,62.00,116.00,14.20,32.00,45.00,0.46,1.29,83.00,93.00,53.00,146.00,272.00
2460,Cnly Conf Plus,Analyst,19830714,1/20/20,75.00,86.00,0.00,9.00,100.00,5.00,108.00,9.00,0.30,55.00,107.00,14.00,22.00,31.00,0.59,0.98,67.00,81.00,53.00,134.00,241.00
316C,Cnly Conf Plus,Consensus,19830717,1/21/20,75.00,100.00,0.00,4.00,101.00,4.00,106.00,12.00,-0.10,63.00,114.00,8.90,36.00,57.00,0.67,1.01,64.00,108.00,57.00,165.00,278.00
632T,Cnly Conf Plus,Analyst,19830718,1/22/20,70.00,92.00,0.00,9.00,100.00,5.00,108.00,12.00,-0.30,54.00,109.00,10.50,23.00,29.00,0.83,0.38,75.00,79.00,52.00,131.00,245.00
1231,Cnly Conf Plus,Confidence,19830723,1/24/20,70.00,94.00,0.00,3.00,111.00,3.00,105.00,13.00,-0.90,66.00,119.00,14.30,29.00,53.00,0.66,0.99,90.00,99.00,55.00,154.00,290.00
4319,Cnly Conf Plus,Analyst,19830730,1/25/20,70.00,100.00,0.00,9.00,100.00,5.00,108.00,12.00,0.30,65.00,110.00,6.80,28.00,45.00,1.04,0.62,66.00,83.00,64.00,148.00,258.00
9483,Cnly Conf Plus,Analyst,19830727,1/25/20,75.00,97.00,0.00,9.00,100.00,5.00,108.00,10.00,0.60,63.00,114.00,10.40,23.00,41.00,0.92,0.79,78.00,86.00,62.00,148.00,270.00
0935,Cnly Conf Plus,Analyst,19830728,1/25/20,75.00,94.00,0.00,9.00,100.00,5.00,108.00,11.00,0.40,60.00,116.00,10.20,36.00,54.00,0.74,0.60,68.00,103.00,51.00,154.00,268.00
388X,Cnly Conf Plus,Consensus,19830654,1/27/20,70.00,102.00,0.00,4.00,101.00,4.00,106.00,7.00,0.10,64.00,121.00,11.90,31.00,55.00,0.78,0.84,81.00,105.00,58.00,163.00,292.00
7503,Cnly Copyright,VAR Index,19829209,11/19/19,69.00,93.00,98.00,2.00,94.00,2.00,100.00,11.00,0.10,67.00,113.00,11.80,32.00,33.00,0.65,0.52,76.00,64.00,51.00,115.00,225.00
7488,Cnly Copyright,Cnly Template,19829293,12/7/19,76.00,115.00,114.00,2.00,111.00,1.00,114.00,9.00,1.30,75.00,119.00,11.70,23.00,46.00,0.94,0.37,64.00,80.00,57.00,138.00,243.00
7170,Cnly Copyright,SAV Rl Perfrmnce,19829286,12/7/19,72.00,100.00,101.00,2.00,98.00,2.00,99.00,9.00,0.60,70.00,116.00,12.70,23.00,32.00,0.56,0.57,76.00,67.00,43.00,109.00,217.00
755T,Cnly Copyright,Dr Vlly Old Hckry,19829322,12/8/19,72.00,111.00,110.00,2.00,99.00,1.00,110.00,9.00,-0.80,68.00,118.00,15.00,34.00,50.00,0.92,0.81,81.00,88.00,66.00,155.00,282.00
7556,Cnly Copyright,Cnly Concord,19829367,12/8/19,79.00,116.00,119.00,1.00,116.00,1.00,119.00,3.00,1.20,84.00,151.00,17.50,23.00,67.00,0.76,1.04,67.00,115.00,63.00,178.00,298.00
7745,Cnly Copyright,Cnly Uptown,19829304,12/9/19,67.00,111.00,110.00,2.00,110.00,1.00,110.00,11.00,0.00,81.00,133.00,15.50,25.00,50.00,0.91,0.64,98.00,86.00,63.00,149.00,291.00
7289,Cnly Copyright,Cnly Uptown,19829393,12/9/19,74.00,112.00,107.00,2.00,111.00,1.00,107.00,10.00,-0.50,80.00,128.00,15.30,25.00,45.00,0.73,0.49,75.00,70.00,53.00,122.00,233.00
7419,Cnly Copyright,SS Niagara,19829228,12/12/19,70.00,104.00,96.00,2.00,108.00,1.00,96.00,8.00,0.80,77.00,139.00,9.60,22.00,63.00,0.65,0.61,47.00,103.00,48.00,151.00,243.00
7603,Cnly Copyright,Pywt 1682,19829242,12/13/19,65.00,103.00,93.00,2.00,101.00,1.00,93.00,14.00,-1.60,80.00,129.00,13.70,34.00,55.00,1.36,0.49,74.00,84.00,79.00,163.00,285.00
74,Cnly Copyright,EF Commando,19829279,12/16/19,74.00,89.00,85.00,2.00,96.00,2.00,95.00,12.00,-1.40,48.00,84.00,12.60,35.00,27.00,0.75,0.58,56.00,66.00,53.00,119.00,210.00
766L,Cnly Copyright,Cnly Plus,19829323,12/19/19,70.00,114.00,108.00,2.00,107.00,2.00,106.00,9.00,0.00,73.00,133.00,10.40,30.00,54.00,0.89,0.97,62.00,95.00,69.00,164.00,275.00
153,Cnly Copyright,Answer 7304,19830685,2/7/20,75.00,99.00,0.00,7.00,97.00,4.00,96.00,5.00,0.40,68.00,125.00,16.10,20.00,41.00,1.03,0.45,53.00,84.00,68.00,151.00,249.00
1133,Cnly Copyright,Cnly Cns 7229,19830703,2/21/20,90.00,110.00,0.00,7.00,108.00,5.00,107.00,3.00,2.50,85.00,142.00,10.50,30.00,59.00,0.98,0.74,69.00,91.00,67.00,158.00,274.00
0483,Cnly Copyright,Mentor,19830704,2/21/20,85.00,97.00,0.00,7.00,101.00,3.00,102.00,6.00,1.80,57.00,103.00,13.60,28.00,38.00,0.52,0.87,66.00,82.00,51.00,132.00,237.00
1498,Cnly Copyright,Sitz Dash,19830705,2/27/20,85.00,98.00,0.00,6.00,104.00,2.00,93.00,8.00,1.10,73.00,127.00,12.30,32.00,45.00,0.64,0.58,61.00,80.00,50.00,130.00,230.00
7663,Cnly Dry Valley,VAR Index,19829247,11/16/19,71.00,104.00,105.00,1.00,104.00,1.00,105.00,6.00,1.10,70.00,122.00,9.80,27.00,45.00,1.13,0.73,79.00,76.00,76.00,152.00,276.00
659V,Cnly Dry Valley,Traction,19829227,11/18/19,86.00,89.00,89.00,2.00,96.00,2.00,93.00,-7.00,5.70,73.00,123.00,6.70,33.00,58.00,0.35,0.68,48.00,91.00,42.00,133.00,221.00
776X,Cnly Dry Valley,VAR Index,19829194,11/20/19,76.00,90.00,96.00,2.00,95.00,1.00,96.00,5.00,2.40,67.00,126.00,10.20,22.00,56.00,0.50,0.95,65.00,105.00,50.00,155.00,266.00
7499,Cnly Dry Valley,SAV Rl Perfrmnce,19829235,11/22/19,85.00,92.00,95.00,2.00,96.00,2.00,98.00,3.00,3.50,69.00,119.00,11.50,21.00,55.00,0.64,0.74,68.00,94.00,51.00,145.00,256.00
7231,Cnly Dry Valley,Cnly Rampart,19829287,11/23/19,84.00,118.00,104.00,2.00,111.00,2.00,103.00,-3.00,4.20,72.00,127.00,10.40,23.00,53.00,0.72,0.66,60.00,93.00,54.00,147.00,251.00
7311,Cnly Dry Valley,Cnly Template,19829295,11/23/19,79.00,93.00,92.00,2.00,89.00,1.00,92.00,12.00,0.70,67.00,120.00,13.80,25.00,56.00,0.57,0.77,73.00,103.00,49.00,151.00,269.00
470H,Cnly Dry Valley,Cnly Blk Granite,19829232,11/24/19,80.00,108.00,106.00,4.00,113.00,4.00,111.00,10.00,1.30,73.00,137.00,13.90,35.00,69.00,0.51,0.68,68.00,114.00,43.00,158.00,273.00
7564,Cnly Dry Valley,SS Niagara,19829348,11/24/19,73.00,110.00,112.00,2.00,103.00,2.00,107.00,8.00,1.20,76.00,132.00,6.70,36.00,62.00,0.43,0.81,52.00,99.00,44.00,143.00,237.00
7711,Cnly Dry Valley,Cnly Rampart,19829210,11/27/19,64.00,114.00,110.00,2.00,113.00,1.00,110.00,10.00,1.40,81.00,130.00,10.70,29.00,52.00,0.95,0.66,101.00,81.00,61.00,142.00,285.00
7160,Cnly Dry Valley,Cnly Century,19829397,11/27/19,71.00,104.00,105.00,1.00,104.00,1.00,105.00,6.00,1.80,68.00,123.00,6.80,26.00,52.00,0.56,0.61,53.00,85.00,48.00,133.00,226.00
712C,Cnly Dry Valley,Cnly Template,19829206,11/28/19,80.00,94.00,84.00,2.00,95.00,1.00,84.00,6.00,2.20,59.00,102.00,11.20,27.00,36.00,0.65,0.26,74.00,77.00,45.00,121.00,231.00
4225,Cnly Dry Valley,Consensus,19829241,11/29/19,80.00,102.00,97.00,4.00,96.00,2.00,100.00,8.00,1.00,75.00,132.00,12.80,24.00,50.00,0.96,0.47,90.00,90.00,62.00,152.00,287.00
720L,Cnly Dry Valley,PA Full Power,19926774,12/1/19,84.00,87.00,89.00,2.00,95.00,2.00,95.00,-4.00,4.60,59.00,103.00,9.90,21.00,44.00,0.58,0.73,62.00,88.00,51.00,139.00,242.00
743XA,Cnly Dry Valley,EF Commando,19926778,12/3/19,63.00,98.00,100.00,1.00,100.00,0.00,0.00,5.00,2.10,64.00,116.00,11.90,33.00,54.00,0.79,0.89,57.00,98.00,62.00,159.00,263.00
7165,Cnly Dry Valley,Cnly Concord,19829184,12/3/19,74.00,96.00,97.00,2.00,97.00,2.00,96.00,3.00,2.70,58.00,109.00,10.70,25.00,48.00,0.81,0.90,59.00,97.00,64.00,162.00,269.00
7186,Cnly Dry Valley,Cnly Concord,19829410,12/4/19,77.00,115.00,121.00,2.00,114.00,2.00,117.00,8.00,2.40,80.00,131.00,17.00,27.00,65.00,0.51,0.87,89.00,106.00,50.00,156.00,291.00
7689,Cnly Dry Valley,LD Emblazon,19829186,12/4/19,72.00,84.00,89.00,2.00,88.00,1.00,89.00,4.00,2.40,57.00,104.00,12.40,29.00,31.00,0.48,0.63,64.00,66.00,45.00,111.00,208.00
7500,Cnly Dry Valley,Traction,19829256,12/6/19,75.00,108.00,110.00,2.00,106.00,2.00,105.00,6.00,2.10,63.00,108.00,9.30,28.00,48.00,0.83,0.63,64.00,79.00,61.00,139.00,244.00
73,Cnly Dry Valley,Dr Vlly Old Hckry,19829283,12/7/19,76.00,120.00,110.00,2.00,117.00,2.00,107.00,10.00,0.40,70.00,119.00,11.60,25.00,48.00,0.75,0.42,65.00,88.00,51.00,138.00,244.00
7415,Cnly Dry Valley,Cnly Niobrara,19829309,12/8/19,80.00,116.00,106.00,2.00,119.00,1.00,106.00,4.00,2.90,80.00,148.00,11.00,30.00,81.00,0.79,0.75,61.00,131.00,57.00,188.00,305.00
26E,Cnly Dry Valley,Cnly Capitalist,19829325,12/8/19,87.00,95.00,97.00,6.00,97.00,5.00,101.00,0.00,3.50,58.00,97.00,10.60,26.00,36.00,0.41,0.49,54.00,73.00,40.00,113.00,201.00
886D,Cnly Emerald,Cnly Cmmnwlth,19830656,1/27/20,60.00,102.00,0.00,1.00,102.00,0.00,0.00,12.00,-0.20,62.00,126.00,11.50,27.00,47.00,0.94,0.96,65.00,93.00,68.00,161.00,274.00
885,Cnly Emerald,S Whitlock,19830665,1/31/20,65.00,106.00,0.00,1.00,106.00,0.00,0.00,11.00,-0.80,65.00,110.00,12.60,24.00,40.00,0.76,0.79,78.00,80.00,59.00,139.00,258.00
820E,Cnly Emerald,Pltmre Weigh Up,19830668,2/2/20,65.00,98.00,0.00,1.00,98.00,0.00,0.00,11.00,0.80,60.00,109.00,14.20,26.00,33.00,0.72,0.97,88.00,71.00,63.00,133.00,261.00
82N,Cnly Emerald,QH Manning,19830674,2/4/20,65.00,95.00,0.00,1.00,95.00,0.00,0.00,5.00,1.40,66.00,115.00,14.80,19.00,35.00,1.04,0.94,74.00,66.00,79.00,145.00,262.00
897L,Cnly Emerald,SS Niagara,19830673,2/4/20,75.00,100.00,0.00,1.00,100.00,0.00,0.00,5.00,1.50,75.00,134.00,10.50,25.00,56.00,0.59,1.50,75.00,94.00,65.00,159.00,281.00
666N,Cnly Finnegan,QH Rampage,19829250,11/9/19,67.00,121.00,116.00,2.00,107.00,2.00,108.00,11.00,-0.20,80.00,134.00,14.20,29.00,66.00,0.80,0.91,81.00,107.00,64.00,171.00,303.00
557V,Cnly Finnegan,Bldrdg Waylon,19829342,11/11/19,85.00,121.00,116.00,3.00,113.00,3.00,111.00,-3.00,3.10,84.00,150.00,12.10,25.00,60.00,0.57,0.85,61.00,101.00,53.00,154.00,261.00
792L,Cnly Finnegan,Dr Vlly Old Hckry,19829205,11/14/19,74.00,120.00,104.00,2.00,110.00,1.00,104.00,3.00,2.10,88.00,152.00,11.40,29.00,64.00,0.52,0.67,70.00,102.00,49.00,151.00,266.00
7251,Cnly Finnegan,MGR Treasure,19829288,11/16/19,65.00,91.00,97.00,2.00,88.00,1.00,97.00,10.00,-0.30,70.00,125.00,15.40,24.00,46.00,0.60,0.85,89.00,88.00,55.00,142.00,273.00
5486,Cnly Finnegan,Cnly Trooper,19829384,11/18/19,76.00,106.00,106.00,3.00,103.00,1.00,106.00,2.00,1.90,72.00,118.00,14.20,33.00,55.00,0.68,0.52,77.00,88.00,51.00,139.00,257.00
7536,Cnly Finnegan,Haynes Outright,19829344,11/18/19,72.00,100.00,112.00,2.00,105.00,2.00,111.00,10.00,1.00,71.00,134.00,11.70,28.00,62.00,0.36,0.93,58.00,110.00,43.00,153.00,256.00
749X,Cnly Finnegan,Tex Demand,19829349,11/18/19,69.00,96.00,105.00,2.00,88.00,1.00,105.00,14.00,-1.50,52.00,100.00,9.50,29.00,39.00,0.73,1.05,71.00,85.00,63.00,149.00,264.00
7467,Cnly Finnegan,Dr Vlly Old Hckry,19829197,11/20/19,69.00,109.00,120.00,2.00,108.00,2.00,114.00,9.00,1.00,73.00,132.00,10.20,30.00,45.00,0.78,0.27,81.00,79.00,51.00,130.00,250.00
795X,Cnly Finnegan,Pltmre Weigh Up,19829330,11/20/19,83.00,110.00,107.00,2.00,104.00,1.00,107.00,-2.00,3.50,76.00,132.00,12.60,31.00,51.00,0.51,0.76,68.00,89.00,48.00,137.00,246.00
7233,Cnly Finnegan,Haynes Outright,19829185,11/20/19,72.00,95.00,108.00,2.00,98.00,1.00,108.00,11.00,-0.20,64.00,126.00,13.50,28.00,57.00,0.82,1.03,78.00,106.00,65.00,171.00,300.00
759L,Cnly Finnegan,EXAR Stud,19829395,11/27/19,78.00,102.00,101.00,2.00,90.00,1.00,101.00,6.00,1.40,65.00,121.00,13.70,31.00,44.00,0.87,0.45,77.00,85.00,61.00,146.00,266.00
7678,Cnly Finnegan,EXAR Stud,19926772,11/28/19,80.00,75.00,88.00,2.00,83.00,1.00,88.00,1.00,2.90,58.00,113.00,13.80,22.00,47.00,0.67,0.74,69.00,94.00,55.00,149.00,262.00
626K,Cnly Finnegan,Pltmre Weigh Up,19829312,12/1/19,83.00,110.00,111.00,2.00,104.00,2.00,107.00,9.00,0.50,77.00,139.00,11.50,24.00,58.00,0.61,0.73,74.00,105.00,51.00,157.00,278.00
728X,Cnly Finnegan,Pywt 1682,19829187,12/4/19,78.00,95.00,106.00,2.00,107.00,1.00,106.00,6.00,0.70,69.00,125.00,16.10,30.00,47.00,0.65,0.68,76.00,84.00,51.00,135.00,251.00
476H,Cnly Fortune,Cnly Blk Granite,19853203,7/30/19,84.00,109.00,106.00,4.00,108.00,3.00,109.00,9.00,0.70,82.00,144.00,10.20,27.00,67.00,0.72,0.52,62.00,110.00,55.00,165.00,276.00
5233,Cnly Fortune,Cnly Uptown,19853202,8/3/19,82.00,110.00,112.00,3.00,111.00,3.00,111.00,0.00,2.20,86.00,145.00,16.10,33.00,54.00,1.00,0.79,75.00,87.00,70.00,157.00,279.00
341H,Cnly Fortune,Cnly Earnan,19853213,8/4/19,86.00,104.00,114.00,4.00,108.00,4.00,106.00,3.00,2.20,81.00,149.00,13.00,16.00,64.00,0.85,0.49,40.00,105.00,58.00,163.00,251.00
252,Cnly Fortune,Final Product,19853228,8/7/19,83.00,103.00,100.00,5.00,108.00,5.00,105.00,-1.00,4.00,95.00,163.00,13.90,26.00,66.00,1.02,0.27,81.00,101.00,58.00,160.00,289.00
2224,Cnly Fortune,Frontman,19853229,8/7/19,85.00,115.00,115.00,6.00,102.00,5.00,100.00,0.00,2.60,81.00,147.00,7.00,18.00,59.00,0.61,0.49,36.00,99.00,48.00,147.00,227.00
9380,Cnly Fortune,6EMA,19853239,8/8/19,67.00,101.00,96.00,7.00,100.00,6.00,99.00,9.00,-0.50,72.00,117.00,14.40,26.00,41.00,0.90,0.40,73.00,69.00,61.00,130.00,242.00
4379,Cnly Fortune,Cnly Arsenal,19853209,8/9/19,80.00,105.00,105.00,4.00,107.00,4.00,105.00,5.00,2.60,80.00,135.00,13.50,27.00,61.00,0.79,0.27,78.00,94.00,51.00,145.00,266.00
420C,Cnly Fortune,SAV Brilliance,19853204,8/10/19,88.00,97.00,100.00,3.00,105.00,3.00,101.00,-1.00,3.80,83.00,140.00,12.20,22.00,62.00,0.96,0.48,68.00,108.00,63.00,171.00,290.00
584H,Cnly Fortune,Pltmre Weigh Up,19853196,8/10/19,81.00,102.00,104.00,3.00,104.00,3.00,103.00,2.00,3.70,88.00,155.00,11.40,28.00,68.00,0.73,0.27,59.00,111.00,49.00,160.00,267.00
038H,Cnly Fortune,Revenue,19853236,8/12/19,79.00,100.00,99.00,7.00,103.00,7.00,101.00,11.00,0.00,66.00,110.00,11.40,15.00,42.00,0.99,0.53,68.00,80.00,66.00,147.00,259.00
1297,Cnly Fortune,Cnly Cns 7229,19853232,8/14/19,93.00,118.00,108.00,6.00,111.00,5.00,107.00,-2.00,3.60,95.00,152.00,13.10,18.00,72.00,1.01,0.47,68.00,107.00,64.00,171.00,290.00
3169,Cnly Fortune,Cnly Capitalist,19853226,8/16/19,80.00,110.00,111.00,5.00,103.00,5.00,106.00,8.00,2.50,78.00,143.00,12.70,12.00,58.00,0.70,0.69,54.00,108.00,56.00,164.00,267.00
3892,Cnly Fortune,Cnly Homestead,19853220,8/17/19,82.00,116.00,113.00,5.00,106.00,4.00,108.00,4.00,1.70,71.00,127.00,8.50,23.00,49.00,0.75,0.44,56.00,93.00,53.00,146.00,245.00
349E,Cnly Fortune,Cnly Counselor,19853211,8/23/19,76.00,102.00,100.00,4.00,112.00,3.00,103.00,12.00,-0.70,69.00,125.00,12.10,27.00,46.00,0.92,0.79,58.00,88.00,68.00,156.00,260.00
3652,Cnly Fortune,Cnly Pckr 547,19853219,8/26/19,81.00,116.00,111.00,4.00,104.00,4.00,103.00,6.00,1.20,72.00,134.00,13.10,29.00,65.00,0.77,0.56,63.00,111.00,55.00,166.00,278.00
5844,Cnly Fortune,Cnly Blk Granite,19853198,8/28/19,76.00,105.00,95.00,3.00,108.00,3.00,101.00,10.00,0.70,73.00,123.00,8.80,26.00,49.00,1.03,0.60,68.00,87.00,68.00,155.00,269.00
171V,Cnly Fortune,Cnly Cns 7229,19853231,8/31/19,84.00,109.00,102.00,6.00,108.00,5.00,106.00,2.00,3.40,73.00,117.00,12.00,24.00,40.00,0.75,0.28,76.00,69.00,51.00,120.00,232.00
2429,Cnly Gary,Analyst,19830669,1/19/20,80.00,100.00,0.00,9.00,100.00,5.00,108.00,12.00,-0.50,68.00,119.00,6.40,31.00,47.00,0.78,0.38,70.00,86.00,49.00,135.00,245.00
816,Cnly Gary,Cnly Armory,19830732,1/26/20,60.00,116.00,0.00,1.00,116.00,0.00,0.00,5.00,1.20,96.00,173.00,9.90,23.00,81.00,0.52,0.75,50.00,125.00,47.00,172.00,273.00
823P,Cnly Gary,GAR Sure Fire,19830662,1/30/20,60.00,99.00,0.00,1.00,99.00,0.00,0.00,14.00,-1.70,77.00,136.00,5.80,27.00,58.00,0.72,0.46,74.00,101.00,52.00,153.00,272.00
866P,Cnly Gary,Cnly Rampart,19830667,2/1/20,70.00,108.00,0.00,1.00,108.00,0.00,0.00,3.00,1.90,83.00,152.00,11.30,23.00,75.00,0.79,1.03,53.00,130.00,63.00,193.00,303.00
898E,Cnly Gary,Cnly Legendary,19830670,2/2/20,65.00,100.00,0.00,1.00,100.00,0.00,0.00,0.00,2.00,77.00,127.00,9.00,19.00,52.00,0.76,0.62,53.00,90.00,57.00,148.00,245.00
832L,Cnly Gary,Hoover No Doubt,19830671,2/3/20,60.00,105.00,0.00,1.00,105.00,0.00,0.00,11.00,-0.30,83.00,153.00,9.80,28.00,65.00,0.70,0.49,69.00,108.00,50.00,158.00,274.00
8353,Cnly Legendary,Cnly Plus,19831074,1/21/20,70.00,86.00,0.00,3.00,107.00,2.00,106.00,8.00,0.90,73.00,126.00,13.10,26.00,53.00,0.99,0.91,71.00,82.00,70.00,152.00,268.00
8616,Cnly Legendary,Cnly Plus,19831072,1/22/20,65.00,104.00,0.00,0.00,0.00,0.00,0.00,15.00,-2.50,63.00,107.00,16.20,27.00,37.00,0.97,1.08,77.00,75.00,74.00,149.00,270.00
3973,Cnly Legendary,Hemisphere,19831086,1/22/20,75.00,94.00,0.00,3.00,106.00,3.00,107.00,1.00,1.90,76.00,135.00,9.40,24.00,63.00,0.77,1.23,52.00,112.00,75.00,187.00,295.00
6826,Cnly Legendary,Confidence,19831083,1/23/20,70.00,105.00,0.00,3.00,111.00,3.00,105.00,16.00,-1.30,76.00,121.00,13.50,18.00,61.00,0.51,1.13,51.00,102.00,55.00,157.00,255.00
168X,Cnly Legendary,Cnly Arsenal,19831079,1/24/20,65.00,93.00,0.00,0.00,0.00,0.00,0.00,17.00,-3.10,52.00,88.00,11.00,32.00,25.00,1.18,0.70,71.00,58.00,78.00,136.00,247.00
6355,Cnly Legendary,Cnly Arsenal,19831081,1/25/20,80.00,121.00,0.00,0.00,0.00,0.00,0.00,10.00,1.10,88.00,152.00,15.80,22.00,79.00,0.80,0.89,70.00,123.00,64.00,188.00,314.00
9523,Cnly Legendary,Consensus,19831098,1/25/20,75.00,100.00,0.00,4.00,102.00,2.00,110.00,3.00,1.40,82.00,128.00,14.80,27.00,54.00,0.70,0.68,82.00,84.00,60.00,144.00,269.00
9804,Cnly Legendary,Hemisphere,19831089,1/26/20,65.00,97.00,0.00,3.00,106.00,3.00,107.00,13.00,-1.30,77.00,123.00,12.00,22.00,54.00,0.60,1.02,66.00,91.00,60.00,150.00,261.00
4168,Cnly Legendary,Consensus,19831101,1/27/20,85.00,100.00,0.00,4.00,102.00,2.00,110.00,6.00,-0.90,77.00,123.00,18.90,28.00,48.00,0.87,1.03,98.00,79.00,68.00,147.00,289.00
6415,Cnly Legendary,Consensus,19831095,2/3/20,75.00,88.00,0.00,4.00,102.00,2.00,110.00,10.00,0.20,71.00,118.00,16.20,22.00,53.00,0.55,0.82,82.00,91.00,57.00,148.00,274.00
7911,Cnly Long Range,EXAR Stud,19829285,11/16/19,66.00,96.00,99.00,1.00,96.00,1.00,99.00,15.00,-0.50,55.00,98.00,9.50,11.00,32.00,1.02,0.41,44.00,79.00,64.00,143.00,229.00
7250,Cnly Long Range,VAR Index,19829356,11/18/19,75.00,105.00,100.00,2.00,108.00,2.00,103.00,4.00,1.50,66.00,114.00,15.00,23.00,53.00,0.65,0.85,62.00,90.00,56.00,146.00,251.00
345C,Cnly Long Range,Cnly Cns 7229,19829212,11/21/19,87.00,120.00,117.00,5.00,112.00,5.00,108.00,5.00,2.90,83.00,147.00,15.30,24.00,70.00,0.44,0.80,84.00,112.00,44.00,156.00,286.00
7319,Cnly Long Range,Cnly Niobrara,19829260,11/23/19,73.00,98.00,106.00,2.00,99.00,2.00,106.00,2.00,3.70,82.00,152.00,8.70,30.00,74.00,0.54,1.13,44.00,116.00,54.00,169.00,263.00
7498,Cnly Long Range,GAR Sure Fire,19829267,11/23/19,66.00,97.00,102.00,2.00,93.00,1.00,102.00,11.00,-0.60,57.00,113.00,13.80,33.00,57.00,0.77,0.82,59.00,111.00,61.00,171.00,281.00
7995,Cnly Long Range,Traction,19829401,11/27/19,79.00,95.00,96.00,2.00,100.00,2.00,99.00,6.00,1.40,64.00,113.00,10.20,26.00,53.00,0.27,0.56,54.00,100.00,32.00,132.00,225.00
7391,Cnly Long Range,Consensus,19829278,11/30/19,81.00,113.00,105.00,2.00,107.00,1.00,105.00,2.00,2.90,82.00,134.00,11.20,21.00,53.00,0.72,0.45,61.00,90.00,52.00,142.00,245.00
7278,Cnly Long Range,EXAR Stud,19829306,12/1/19,69.00,86.00,95.00,2.00,89.00,2.00,92.00,7.00,1.40,68.00,115.00,16.00,22.00,43.00,0.99,0.02,89.00,79.00,55.00,134.00,263.00
7446,Cnly Long Range,Traction,19829236,12/5/19,95.00,116.00,118.00,1.00,116.00,1.00,118.00,-2.00,5.80,91.00,173.00,13.20,23.00,97.00,0.90,1.07,38.00,150.00,72.00,222.00,326.00
765T,Cnly Long Range,GAR Sure Fire,19931688,12/7/19,71.00,80.00,94.00,2.00,94.00,1.00,94.00,11.00,-0.20,46.00,92.00,11.40,21.00,44.00,0.50,0.57,60.00,91.00,44.00,134.00,234.00
8587,Cnly Mainstay,S Whitlock,19829234,11/8/19,63.00,98.00,105.00,1.00,98.00,1.00,105.00,12.00,-1.40,61.00,120.00,9.70,22.00,38.00,0.26,0.52,50.00,81.00,33.00,114.00,198.00
891X,Cnly Mainstay,Cnly Cmmnwlth,19829266,11/29/19,78.00,86.00,0.00,1.00,86.00,0.00,0.00,9.00,0.80,63.00,120.00,9.30,21.00,34.00,0.35,0.41,51.00,82.00,38.00,119.00,205.00
7157,Cnly Matrnl Made,Cnly Big Money,19829281,11/16/19,68.00,80.00,86.00,2.00,87.00,1.00,86.00,10.00,0.50,62.00,123.00,12.90,23.00,50.00,0.90,0.53,71.00,104.00,61.00,164.00,284.00
7167,Cnly Matrnl Made,Cnly Uptown,19829254,11/16/19,66.00,107.00,109.00,2.00,106.00,2.00,106.00,7.00,0.70,79.00,135.00,14.80,24.00,60.00,0.78,0.37,90.00,103.00,51.00,154.00,290.00
7184,Cnly Matrnl Made,MGR Treasure,19829377,11/18/19,68.00,93.00,105.00,2.00,105.00,2.00,111.00,5.00,0.00,71.00,136.00,12.20,21.00,49.00,0.86,0.51,66.00,96.00,59.00,154.00,266.00
713,Cnly Matrnl Made,Cnly Rampart,19829357,11/18/19,68.00,83.00,91.00,2.00,91.00,2.00,95.00,8.00,0.20,45.00,90.00,11.60,26.00,24.00,0.75,0.47,67.00,71.00,52.00,123.00,227.00
7867,Cnly Matrnl Made,PA Full Power,19926777,11/18/19,69.00,77.00,88.00,2.00,83.00,1.00,88.00,5.00,0.90,51.00,97.00,11.90,23.00,41.00,0.80,0.50,58.00,84.00,57.00,141.00,241.00
78L,Cnly Matrnl Made,QH Rampage,19829188,11/20/19,73.00,86.00,93.00,2.00,93.00,1.00,93.00,3.00,2.20,65.00,115.00,14.10,29.00,45.00,0.67,0.41,84.00,87.00,51.00,137.00,262.00
576P,Cnly Matrnl Made,Pltmre Weigh Up,19829253,11/23/19,81.00,92.00,87.00,3.00,93.00,3.00,95.00,-2.00,3.30,70.00,124.00,11.60,28.00,53.00,0.56,0.54,81.00,102.00,47.00,149.00,274.00
1622,Cnly Matrnl Made,Consensus,19829335,11/24/19,78.00,111.00,112.00,6.00,103.00,5.00,107.00,3.00,2.50,71.00,123.00,9.50,24.00,52.00,0.74,0.57,58.00,97.00,56.00,153.00,256.00
745T,Cnly Matrnl Made,MGR Treasure,19829409,11/27/19,75.00,96.00,103.00,2.00,101.00,2.00,103.00,4.00,0.80,61.00,125.00,9.20,24.00,49.00,0.66,0.34,51.00,101.00,49.00,150.00,246.00
739,Cnly Matrnl Made,Haynes Outright,19829255,11/29/19,81.00,94.00,102.00,2.00,87.00,1.00,102.00,6.00,-0.20,64.00,121.00,7.80,33.00,58.00,0.93,0.63,54.00,115.00,62.00,176.00,282.00
7853,Cnly Matrnl Made,LD Emblazon,19829289,11/30/19,79.00,87.00,94.00,2.00,94.00,1.00,94.00,2.00,2.40,60.00,105.00,14.60,25.00,31.00,0.50,0.34,59.00,76.00,36.00,112.00,204.00
79T,Cnly Matrnl Made,Hoover No Doubt,19829292,12/1/19,76.00,94.00,96.00,2.00,100.00,1.00,96.00,1.00,3.20,59.00,107.00,10.10,24.00,44.00,0.58,0.53,77.00,85.00,46.00,130.00,246.00
680K,Cnly Matrnl Made,Unanimous,19829350,12/1/19,80.00,96.00,96.00,1.00,96.00,1.00,96.00,7.00,0.30,59.00,115.00,9.50,32.00,50.00,0.89,0.15,58.00,94.00,56.00,150.00,253.00
6486,Cnly Matrnl Made,Consensus,19829258,12/6/19,74.00,89.00,94.00,2.00,87.00,1.00,94.00,7.00,0.30,50.00,89.00,16.20,31.00,31.00,0.80,0.32,91.00,80.00,54.00,133.00,264.00
765F,Cnly National,QH Rampage,19847944,7/23/19,64.00,92.00,100.00,1.00,92.00,1.00,100.00,15.00,0.10,75.00,130.00,11.10,19.00,53.00,0.59,1.18,43.00,98.00,60.00,158.00,248.00
784F,Cnly National,EXAR Stud,19847939,7/23/19,75.00,94.00,99.00,1.00,94.00,1.00,99.00,15.00,-1.10,60.00,102.00,16.20,29.00,26.00,0.88,0.54,73.00,62.00,61.00,123.00,233.00
744J,Cnly National,Woodside 4P26,19847932,7/23/19,71.00,96.00,102.00,1.00,96.00,1.00,102.00,8.00,1.80,70.00,129.00,15.20,32.00,50.00,0.80,1.20,79.00,86.00,68.00,153.00,277.00
726J,Cnly National,GAR Sunrise,19847992,7/24/19,61.00,112.00,115.00,1.00,112.00,1.00,115.00,12.00,-0.70,81.00,141.00,12.10,32.00,56.00,0.79,0.71,67.00,94.00,60.00,154.00,267.00
784E,Cnly National,Woodside 4P26,19848002,7/26/19,77.00,99.00,109.00,1.00,99.00,1.00,109.00,8.00,1.70,71.00,133.00,16.60,36.00,64.00,0.70,1.52,84.00,110.00,67.00,177.00,314.00
115L,Cnly National,Consensus,19848066,7/30/19,73.00,109.00,112.00,6.00,100.00,4.00,97.00,13.00,-1.00,80.00,134.00,11.50,25.00,54.00,0.11,0.86,78.00,89.00,32.00,121.00,235.00
755E,Cnly National,MGR Treasure,19847940,7/31/19,74.00,94.00,93.00,1.00,94.00,1.00,93.00,9.00,1.20,68.00,124.00,14.60,27.00,49.00,0.81,0.91,68.00,94.00,65.00,159.00,274.00
660N,Cnly National,Rito 12E7,19847996,8/13/19,69.00,105.00,102.00,2.00,101.00,2.00,100.00,6.00,2.40,80.00,131.00,13.70,27.00,67.00,0.37,1.17,61.00,114.00,50.00,164.00,274.00
9285,Cnly National,Final Product,19847933,8/14/19,87.00,115.00,115.00,9.00,105.00,6.00,109.00,3.00,3.10,76.00,137.00,14.60,36.00,60.00,0.76,0.61,70.00,98.00,56.00,154.00,270.00
637H,Cnly National,Haynes Outright,19848052,8/15/19,79.00,99.00,99.00,2.00,101.00,1.00,99.00,7.00,1.30,64.00,123.00,10.10,35.00,51.00,0.54,0.73,54.00,95.00,47.00,142.00,238.00
790E,Cnly National,Cnly Cmmnwlth,19848035,8/23/19,80.00,115.00,105.00,1.00,115.00,1.00,105.00,5.00,2.20,91.00,151.00,8.70,28.00,62.00,0.74,0.76,65.00,89.00,56.00,145.00,253.00
9569,Cnly National,Danny 5398,19847990,8/26/19,77.00,118.00,108.00,9.00,105.00,6.00,105.00,9.00,0.80,67.00,116.00,11.50,27.00,36.00,0.37,0.97,54.00,77.00,47.00,124.00,215.00
641H,Cnly National,Traction,19848069,9/1/19,68.00,103.00,98.00,2.00,102.00,2.00,99.00,11.00,-0.50,70.00,123.00,9.00,29.00,39.00,0.28,0.98,60.00,83.00,43.00,126.00,223.00
516V,Cnly Niobrara,Cnly Blk Granite,19849520,7/24/19,62.00,88.00,95.00,3.00,98.00,3.00,102.00,14.00,-1.10,65.00,119.00,8.90,33.00,45.00,0.63,0.64,79.00,95.00,51.00,146.00,268.00
51V,Cnly Niobrara,SAV Resource,19849573,8/2/19,102.00,91.00,112.00,3.00,95.00,3.00,104.00,-8.00,5.90,80.00,163.00,12.10,25.00,68.00,0.57,0.98,53.00,115.00,54.00,169.00,272.00
440E,Cnly Niobrara,Kpl's B&B Extra,19849584,8/2/19,79.00,107.00,93.00,4.00,107.00,4.00,100.00,-3.00,3.30,79.00,136.00,12.20,22.00,57.00,0.77,0.64,69.00,99.00,58.00,157.00,273.00
57P,Cnly Niobrara,SAV Resource,19849535,8/2/19,94.00,99.00,112.00,3.00,101.00,3.00,103.00,-10.00,6.40,78.00,139.00,8.70,22.00,60.00,0.32,1.18,61.00,110.00,47.00,157.00,265.00
9011,Cnly Niobrara,Total,19849672,8/2/19,78.00,106.00,108.00,8.00,101.00,7.00,101.00,2.00,1.50,74.00,132.00,9.50,33.00,59.00,0.91,0.97,68.00,105.00,70.00,175.00,295.00
33C,Cnly Niobrara,Cnly Blk Granite,19849633,8/4/19,79.00,98.00,98.00,5.00,102.00,5.00,101.00,1.00,2.20,65.00,122.00,11.60,31.00,58.00,0.30,1.02,87.00,107.00,41.00,147.00,278.00
224P,Cnly Niobrara,BC Lookout,19849655,8/5/19,94.00,102.00,107.00,5.00,94.00,3.00,99.00,-2.00,4.30,71.00,125.00,9.70,29.00,47.00,0.94,0.80,73.00,87.00,68.00,155.00,274.00
523C,Cnly Niobrara,Cnly Arsenal,19849577,8/5/19,75.00,95.00,109.00,3.00,93.00,3.00,102.00,8.00,1.10,71.00,136.00,9.20,25.00,53.00,0.37,0.73,57.00,110.00,42.00,151.00,253.00
487C,Cnly Niobrara,MF Nt Return,19849581,8/8/19,80.00,91.00,91.00,4.00,105.00,3.00,98.00,4.00,1.10,73.00,133.00,10.10,29.00,61.00,0.55,0.93,82.00,110.00,50.00,159.00,288.00
343P,Cnly Niobrara,Cnly Counselor,19849635,8/8/19,89.00,117.00,109.00,4.00,104.00,3.00,105.00,1.00,2.40,91.00,160.00,12.30,27.00,68.00,0.60,1.07,54.00,114.00,59.00,174.00,280.00
2597,Cnly Niobrara,Consensus,19849661,8/9/19,90.00,100.00,103.00,4.00,102.00,4.00,99.00,-7.00,4.50,78.00,138.00,9.70,23.00,52.00,0.62,0.81,71.00,95.00,53.00,148.00,263.00
2109,Cnly Niobrara,Game Day,19849657,8/10/19,96.00,100.00,106.00,6.00,97.00,5.00,99.00,-2.00,3.90,79.00,142.00,10.70,28.00,61.00,0.58,0.75,69.00,110.00,48.00,158.00,274.00
3643,Cnly Niobrara,Consensus,19849639,8/12/19,77.00,97.00,110.00,5.00,96.00,5.00,99.00,4.00,1.90,72.00,131.00,15.00,23.00,47.00,0.81,0.65,90.00,97.00,59.00,156.00,292.00
533H,Cnly Niobrara,Cnly United,19849575,8/12/19,93.00,83.00,84.00,3.00,88.00,3.00,94.00,0.00,2.70,58.00,118.00,13.60,25.00,50.00,0.57,0.91,79.00,107.00,53.00,160.00,287.00
01L,Cnly Niobrara,Jauer,19849671,8/13/19,80.00,119.00,116.00,8.00,106.00,7.00,104.00,3.00,0.80,63.00,120.00,17.60,31.00,57.00,0.54,0.93,83.00,105.00,52.00,156.00,285.00
062H,Cnly Niobrara,Cnly Response,19849669,8/17/19,83.00,97.00,99.00,8.00,103.00,8.00,101.00,8.00,0.80,66.00,130.00,11.00,24.00,46.00,0.79,0.58,71.00,86.00,58.00,144.00,258.00
2669,Cnly Niobrara,Cnly IF 4925,19849659,8/18/19,79.00,101.00,105.00,4.00,98.00,4.00,102.00,1.00,0.90,59.00,104.00,12.70,30.00,36.00,0.83,0.73,66.00,77.00,63.00,140.00,248.00
04H,Cnly Niobrara,Revenue,19849668,8/24/19,73.00,103.00,101.00,8.00,105.00,6.00,104.00,5.00,0.70,54.00,93.00,8.60,32.00,35.00,0.90,0.58,71.00,79.00,61.00,140.00,253.00
5799,Cnly Niobrara,Generation,19849579,8/26/19,80.00,107.00,107.00,3.00,104.00,3.00,108.00,7.00,1.70,80.00,150.00,16.30,28.00,59.00,0.66,0.82,82.00,103.00,51.00,155.00,283.00
451C,Cnly Niobrara,Cnly Wstn Cut,19849582,9/4/19,80.00,107.00,99.00,4.00,102.00,4.00,102.00,3.00,1.90,71.00,123.00,16.60,32.00,54.00,0.46,1.04,90.00,92.00,51.00,144.00,277.00
317P,Cnly Niobrara,Cnly Earnan,19849636,9/12/19,76.00,106.00,104.00,3.00,100.00,3.00,101.00,4.00,0.40,74.00,138.00,15.20,35.00,64.00,0.56,0.66,78.00,107.00,48.00,156.00,280.00
527C,Cnly Payraise,Pltmre Weigh Up,19847929,7/22/19,73.00,98.00,103.00,3.00,108.00,3.00,109.00,8.00,0.60,81.00,141.00,11.10,25.00,56.00,0.66,0.82,69.00,90.00,55.00,145.00,257.00
068H,Cnly Payraise,Danny 5398,19848038,7/28/19,75.00,117.00,119.00,7.00,107.00,5.00,112.00,7.00,0.70,76.00,144.00,11.20,28.00,68.00,0.32,0.91,74.00,123.00,40.00,163.00,285.00
38C,Cnly Payraise,GAR Progress,19847989,8/9/19,75.00,99.00,98.00,4.00,96.00,4.00,97.00,8.00,1.30,65.00,127.00,12.20,31.00,47.00,0.88,0.22,77.00,98.00,56.00,154.00,277.00
65H,Cnly Payraise,Unanimous,19847961,8/12/19,77.00,117.00,117.00,2.00,115.00,2.00,113.00,5.00,1.40,74.00,134.00,10.70,26.00,63.00,0.46,0.70,75.00,105.00,46.00,150.00,270.00
557P,Cnly Payraise,Pltmre Weigh Up,19847952,8/14/19,73.00,107.00,96.00,3.00,105.00,3.00,101.00,14.00,-1.30,67.00,126.00,13.60,29.00,57.00,0.45,0.58,78.00,104.00,42.00,146.00,267.00
634K,Cnly Payraise,Pltmre Weigh Up,19847955,8/18/19,57.00,106.00,108.00,2.00,107.00,2.00,106.00,15.00,-2.50,69.00,131.00,8.20,32.00,55.00,0.88,0.32,70.00,95.00,56.00,152.00,267.00
61P,Cnly Payraise,QH Rampage,19847931,8/18/19,78.00,105.00,98.00,2.00,98.00,2.00,96.00,7.00,1.70,73.00,125.00,12.50,27.00,53.00,0.58,0.82,77.00,94.00,51.00,145.00,265.00
658H,Cnly Payraise,Ten Speed,19847974,8/19/19,78.00,94.00,89.00,2.00,97.00,2.00,95.00,7.00,0.70,68.00,127.00,11.40,27.00,40.00,0.65,0.66,77.00,83.00,53.00,136.00,253.00
663K,Cnly Payraise,Glory,19847951,9/4/19,69.00,95.00,99.00,2.00,90.00,2.00,96.00,16.00,-1.70,57.00,103.00,13.80,22.00,32.00,0.96,0.37,65.00,77.00,58.00,136.00,241.00
5429,Cnly Payraise,Unanimous,19847993,9/9/19,79.00,96.00,96.00,3.00,100.00,3.00,103.00,5.00,3.00,76.00,141.00,10.20,24.00,61.00,0.66,0.73,79.00,111.00,55.00,166.00,294.00
654V,Cnly Rampart,Traction,19829183,10/24/19,40.00,100.00,100.00,2.00,96.00,2.00,96.00,4.00,-0.30,68.00,113.00,11.60,20.00,35.00,0.72,0.76,66.00,62.00,58.00,120.00,222.00
645N,Cnly Rampart,Rito 12E7,19829376,11/12/19,80.00,109.00,102.00,2.00,100.00,2.00,97.00,5.00,3.00,70.00,124.00,14.80,14.00,49.00,0.43,0.46,67.00,89.00,41.00,130.00,236.00
5822,Cnly Rampart,Pywt 1682,19829332,11/18/19,75.00,113.00,107.00,3.00,114.00,2.00,109.00,0.00,2.70,81.00,137.00,9.30,21.00,58.00,0.61,0.91,72.00,90.00,53.00,144.00,259.00
7798,Cnly Rampart,EF Commando,19829230,11/19/19,80.00,89.00,88.00,2.00,95.00,1.00,88.00,7.00,0.40,60.00,108.00,10.40,27.00,31.00,0.63,0.71,60.00,66.00,52.00,118.00,213.00
72X,Cnly Rampart,Haynes Outright,19829200,11/20/19,67.00,103.00,97.00,2.00,93.00,1.00,97.00,11.00,0.20,70.00,120.00,10.80,20.00,35.00,0.52,0.23,50.00,63.00,39.00,102.00,182.00
789X,Cnly Rampart,GAR Sure Fire,19829223,11/21/19,81.00,85.00,90.00,2.00,93.00,1.00,90.00,8.00,1.40,71.00,113.00,6.80,18.00,42.00,1.00,0.52,67.00,81.00,65.00,146.00,256.00
515V,Cnly Rampart,Cnly Blk Granite,19829238,11/22/19,84.00,107.00,101.00,3.00,99.00,3.00,97.00,12.00,-0.10,66.00,117.00,10.80,22.00,34.00,0.56,0.61,78.00,68.00,48.00,115.00,227.00
7452,Cnly Rampart,EF Commando,19829265,11/23/19,72.00,85.00,89.00,2.00,85.00,2.00,91.00,9.00,1.20,57.00,105.00,11.00,17.00,32.00,0.38,0.76,60.00,69.00,42.00,111.00,204.00
738X,Cnly Rampart,EF Commando,19829391,11/26/19,80.00,104.00,101.00,2.00,105.00,1.00,101.00,3.00,0.80,70.00,127.00,14.70,21.00,46.00,1.32,0.46,70.00,81.00,78.00,158.00,275.00
7385,Cnly Rampart,GAR Sure Fire,19829399,11/27/19,82.00,100.00,96.00,2.00,99.00,2.00,98.00,9.00,1.00,68.00,122.00,10.60,22.00,34.00,0.82,0.49,75.00,70.00,57.00,127.00,240.00
716X,Cnly Rampart,Pywt 1682,19829272,11/27/19,78.00,103.00,112.00,2.00,102.00,2.00,102.00,0.00,2.40,75.00,129.00,13.80,31.00,48.00,1.05,0.45,77.00,75.00,67.00,142.00,261.00
1147,Cnly Regulator,Lead On,19844010,1/15/20,70.00,83.00,0.00,4.00,115.00,3.00,114.00,11.00,0.30,59.00,106.00,13.50,14.00,42.00,0.40,0.84,49.00,90.00,45.00,135.00,224.00
637C,Cnly Regulator,Lead On,19921600,1/23/20,80.00,91.00,0.00,4.00,115.00,3.00,114.00,9.00,1.60,68.00,120.00,14.10,21.00,48.00,0.46,0.92,49.00,89.00,49.00,138.00,228.00
580,Cnly Southwind,Cnly Frnt & Cntr,19829298,11/17/19,76.00,134.00,123.00,3.00,115.00,3.00,113.00,0.00,2.90,104.00,170.00,16.20,29.00,83.00,0.48,0.93,84.00,114.00,49.00,163.00,295.00
760E,Cnly Southwind,Cnly Plus,19829364,11/18/19,64.00,129.00,115.00,1.00,129.00,1.00,115.00,6.00,0.90,98.00,172.00,11.50,25.00,90.00,0.59,0.75,81.00,127.00,50.00,177.00,311.00
761C,Cnly Southwind,Glory,19829224,11/28/19,78.00,96.00,104.00,1.00,96.00,1.00,104.00,6.00,0.30,69.00,123.00,12.70,25.00,64.00,0.35,0.90,65.00,114.00,43.00,157.00,269.00
7539,Cnly Southwind,Consensus,19829264,11/30/19,82.00,101.00,96.00,1.00,101.00,1.00,96.00,-7.00,4.40,93.00,152.00,10.20,19.00,70.00,0.26,0.69,65.00,104.00,37.00,141.00,248.00
444C,Cnly Southwind,Brn Uproar,19829269,11/30/19,90.00,93.00,97.00,4.00,109.00,3.00,105.00,1.00,3.00,79.00,134.00,14.90,21.00,61.00,0.58,0.70,87.00,100.00,52.00,152.00,284.00
4546,Cnly Southwind,Cnly Cavalry,19829315,12/1/19,81.00,109.00,106.00,4.00,103.00,3.00,103.00,10.00,1.70,85.00,142.00,10.50,32.00,61.00,0.55,0.59,69.00,86.00,46.00,131.00,239.00
528V,Cnly Southwind,Cnly Blk Granite,19829396,12/2/19,92.00,131.00,110.00,3.00,124.00,3.00,110.00,6.00,2.80,102.00,175.00,13.20,24.00,90.00,0.60,0.80,77.00,132.00,52.00,184.00,316.00
233C,Cnly Southwind,Cnly Capitalist,19829388,12/4/19,84.00,84.00,88.00,6.00,97.00,4.00,95.00,6.00,1.30,71.00,122.00,12.70,21.00,50.00,0.32,0.61,77.00,89.00,41.00,130.00,246.00
7288,Cnly Southwind,PA Full Power,19829374,12/8/19,79.00,113.00,120.00,1.00,113.00,1.00,120.00,1.00,2.90,90.00,156.00,11.20,22.00,69.00,0.26,0.88,68.00,107.00,43.00,149.00,261.00
719C,Cnly Southwind,Traction,19829316,12/8/19,85.00,108.00,106.00,1.00,108.00,1.00,106.00,-6.00,4.20,83.00,136.00,12.50,23.00,69.00,0.48,0.71,70.00,111.00,47.00,158.00,275.00
7610,Cnly Southwind,Pywt 1682,19829352,12/8/19,83.00,115.00,116.00,1.00,115.00,1.00,116.00,-3.00,2.60,100.00,170.00,15.20,35.00,92.00,0.31,0.95,80.00,132.00,42.00,174.00,306.00
696N,Cnly Southwind,Investment,19829385,12/9/19,82.00,120.00,123.00,1.00,120.00,1.00,123.00,3.00,2.10,92.00,155.00,14.60,20.00,68.00,0.31,0.61,75.00,104.00,38.00,142.00,259.00
773T,Cnly Southwind,Deer Vlly Patriot,19829207,12/11/19,78.00,107.00,97.00,2.00,108.00,2.00,99.00,3.00,2.20,85.00,144.00,10.60,34.00,67.00,0.31,0.95,59.00,108.00,43.00,151.00,255.00
2110,Cnly Southwind,Game Day,19829217,12/12/19,88.00,107.00,108.00,6.00,109.00,4.00,108.00,2.00,3.40,81.00,139.00,14.80,28.00,63.00,0.37,0.97,72.00,98.00,43.00,141.00,255.00
5180,Cnly Southwind,Cnly Comrade,19829248,12/13/19,84.00,127.00,118.00,3.00,113.00,3.00,109.00,4.00,4.00,103.00,175.00,12.90,17.00,84.00,0.91,0.92,65.00,126.00,69.00,195.00,318.00
729C,Cnly Southwind,Pywt 1682,19931257,12/13/19,78.00,98.00,98.00,2.00,111.00,2.00,104.00,1.00,3.10,81.00,138.00,14.70,22.00,72.00,0.51,0.77,80.00,118.00,48.00,166.00,295.00
665,Cnly Southwind,PA Full Power,19829290,12/17/19,72.00,94.00,102.00,2.00,89.00,2.00,98.00,3.00,0.90,79.00,139.00,13.00,15.00,59.00,0.45,0.67,58.00,102.00,46.00,148.00,250.00
7145,Cnly Southwind,Dr Vlly Old Hckry,19829284,12/17/19,82.00,125.00,105.00,2.00,111.00,2.00,101.00,2.00,1.60,74.00,127.00,14.00,33.00,54.00,0.69,0.44,73.00,86.00,54.00,140.00,255.00
764X,Cnly Southwind,Haynes Outright,19829313,12/19/19,81.00,91.00,102.00,2.00,94.00,2.00,100.00,-1.00,2.70,76.00,142.00,14.00,29.00,67.00,0.21,0.82,54.00,119.00,39.00,158.00,259.00
790L,Cnly Southwind,PA Valor,19926775,12/22/19,81.00,113.00,112.00,2.00,122.00,2.00,111.00,1.00,3.70,87.00,151.00,12.70,24.00,69.00,0.37,0.76,63.00,112.00,42.00,154.00,263.00
7615,Cnly Southwind,MGR Treasure,19830655,1/27/20,70.00,104.00,0.00,1.00,104.00,0.00,0.00,6.00,1.20,79.00,139.00,17.60,22.00,70.00,0.91,0.53,70.00,114.00,64.00,178.00,301.00
6681,Cnly Southwind,GAR 100X,19830679,2/5/20,70.00,104.00,0.00,2.00,102.00,1.00,96.00,6.00,0.10,66.00,117.00,14.70,27.00,51.00,0.72,0.45,66.00,94.00,53.00,147.00,257.00
210,Cnly Southwind,Contrast,19830684,2/6/20,70.00,101.00,0.00,6.00,96.00,5.00,99.00,8.00,-2.20,61.00,108.00,18.20,33.00,54.00,0.76,0.51,86.00,100.00,52.00,153.00,284.00
6810,Cnly Southwind,SAV Recharge,19830692,2/11/20,65.00,96.00,0.00,3.00,99.00,2.00,104.00,7.00,0.60,75.00,136.00,12.00,30.00,58.00,0.42,0.37,69.00,88.00,38.00,127.00,234.00
3629,Cnly Southwind,Impression,19830701,2/16/20,80.00,94.00,0.00,5.00,100.00,3.00,102.00,-2.00,4.20,85.00,142.00,20.10,25.00,65.00,0.30,0.80,85.00,102.00,41.00,143.00,270.00
626L,Cnly Southwind,GAR Impression,19830706,2/29/20,85.00,105.00,0.00,3.00,100.00,2.00,102.00,7.00,1.50,77.00,132.00,16.80,21.00,48.00,0.45,0.48,69.00,82.00,41.00,123.00,229.00
0926,Cnly Southwind,Consensus,19830710,3/2/20,80.00,100.00,0.00,9.00,103.00,6.00,109.00,0.00,2.70,81.00,139.00,12.80,21.00,66.00,0.31,0.69,69.00,112.00,39.00,151.00,265.00
759J,Cnly Stronghold,Cnly Greeley,19848057,8/4/19,78.00,94.00,104.00,1.00,94.00,1.00,104.00,4.00,2.80,68.00,119.00,10.60,25.00,52.00,0.51,0.71,60.00,103.00,46.00,148.00,252.00
791V,Cnly Stronghold,Cnly Greeley,19848034,8/10/19,78.00,102.00,94.00,1.00,102.00,1.00,94.00,3.00,3.40,81.00,139.00,8.10,27.00,56.00,0.73,0.74,55.00,89.00,57.00,146.00,244.00
767J,Cnly Stronghold,GAR Sure Fire,19848053,8/11/19,66.00,106.00,103.00,1.00,106.00,1.00,103.00,11.00,0.10,62.00,111.00,15.20,26.00,36.00,0.91,0.68,95.00,73.00,62.00,135.00,270.00
720K,Cnly Stronghold,Consensus,19848063,8/12/19,76.00,96.00,92.00,1.00,96.00,1.00,92.00,4.00,2.10,73.00,122.00,14.20,31.00,45.00,0.27,0.80,77.00,85.00,39.00,124.00,238.00
774H,Cnly Stronghold,SAV Seedstock,19847976,8/13/19,75.00,94.00,100.00,1.00,94.00,1.00,100.00,4.00,2.00,73.00,121.00,5.40,28.00,66.00,0.64,1.05,49.00,106.00,59.00,165.00,263.00
756K,Cnly Stronghold,Pywt 1682,19847999,8/14/19,73.00,90.00,91.00,1.00,90.00,1.00,91.00,11.00,1.10,68.00,128.00,8.60,31.00,55.00,0.52,0.78,57.00,99.00,46.00,146.00,246.00
798H,Cnly Stronghold,Traction,19848025,8/14/19,66.00,87.00,84.00,1.00,87.00,1.00,84.00,10.00,-0.10,59.00,105.00,10.60,34.00,35.00,0.25,0.92,67.00,77.00,39.00,116.00,217.00
766K,Cnly Stronghold,Pywt 1682,19848043,8/17/19,79.00,100.00,94.00,1.00,100.00,1.00,94.00,4.00,1.40,67.00,115.00,10.70,24.00,49.00,1.14,0.64,62.00,95.00,73.00,168.00,280.00
715K,Cnly Stronghold,Hoover No Doubt,19847935,8/20/19,64.00,111.00,114.00,1.00,111.00,1.00,114.00,3.00,1.10,77.00,141.00,10.90,27.00,63.00,0.72,0.73,69.00,107.00,56.00,162.00,279.00
5464,Cnly Stronghold,Cnly Frnt & Cntr,19848036,8/29/19,76.00,113.00,103.00,3.00,101.00,3.00,100.00,5.00,1.70,79.00,133.00,11.80,26.00,53.00,0.47,0.91,65.00,95.00,46.00,141.00,248.00
61H,Cnly Stronghold,Fate,19847914,9/2/19,79.00,94.00,94.00,2.00,91.00,2.00,97.00,6.00,1.10,74.00,131.00,13.10,28.00,58.00,0.78,1.06,60.00,102.00,63.00,166.00,275.00
797J,Cnly Stronghold,Hoover No Doubt,19847945,9/4/19,65.00,120.00,95.00,1.00,120.00,1.00,95.00,8.00,1.70,73.00,121.00,11.40,23.00,53.00,0.24,0.77,60.00,90.00,35.00,125.00,222.00
715J,Cnly Stronghold,Cnly Greeley,19847981,9/8/19,74.00,100.00,100.00,1.00,100.00,1.00,100.00,9.00,2.40,90.00,151.00,12.60,22.00,58.00,0.30,0.67,74.00,90.00,36.00,126.00,237.00
723K,Cnly Stronghold,Cnly Greeley,19847983,9/9/19,84.00,118.00,110.00,1.00,118.00,1.00,110.00,8.00,1.90,83.00,145.00,11.30,32.00,54.00,0.25,0.94,65.00,91.00,40.00,130.00,234.00
773F,Cnly Stronghold,GAR Sure Fire,19848016,9/12/19,70.00,93.00,91.00,1.00,93.00,1.00,91.00,6.00,2.00,69.00,120.00,12.80,29.00,44.00,0.74,0.50,76.00,83.00,52.00,135.00,251.00
617H,Cnly Stronghold,Investment,625556634,9/13/19,68.00,99.00,0.00,2.00,99.00,1.00,96.00,10.00,0.10,65.00,0.00,0.00,0.00,0.00,0.00,0.00,0.00,0.00,0.00,0.00,0.00
747X,Cnly Stronghold,Pywt 1682,19829303,12/3/19,69.00,114.00,109.00,2.00,113.00,1.00,109.00,13.00,-2.50,69.00,125.00,12.90,27.00,41.00,0.70,0.77,62.00,81.00,56.00,136.00,238.00
799,Cnly Stronghold,Cnly Uptown,19829358,12/8/19,71.00,93.00,97.00,2.00,96.00,2.00,92.00,8.00,0.30,64.00,105.00,11.90,26.00,24.00,0.72,0.57,71.00,47.00,53.00,100.00,201.00
791X,Cnly Stronghold,GAR Sure Fire,19829337,12/20/19,83.00,102.00,95.00,2.00,102.00,1.00,95.00,7.00,2.20,73.00,122.00,9.70,32.00,60.00,0.67,1.01,74.00,107.00,59.00,165.00,288.00
8735,Cnly Treasure 558H,Bldrdge Colonel,19829263,11/16/19,63.00,106.00,101.00,1.00,106.00,1.00,101.00,11.00,0.60,67.00,126.00,9.00,19.00,49.00,0.51,0.83,75.00,86.00,52.00,138.00,254.00
839J,Cnly Treasure 558H,Cnly Legendary,19829366,11/18/19,61.00,112.00,110.00,1.00,112.00,1.00,110.00,10.00,-0.60,67.00,119.00,9.70,21.00,57.00,0.55,1.10,65.00,100.00,57.00,157.00,269.00
617T,Cnly Wildfire,Msgrve Aviator,19830681,2/6/20,70.00,95.00,0.00,2.00,94.00,1.00,99.00,11.00,-1.30,54.00,106.00,13.60,29.00,41.00,0.93,0.44,52.00,90.00,59.00,149.00,245.00
726A,Cnly Wildfire,6106,19830687,2/8/20,75.00,105.00,0.00,10.00,100.00,5.00,98.00,14.00,-2.30,53.00,95.00,8.30,35.00,28.00,0.58,0.69,74.00,63.00,48.00,112.00,219.00
933C,Cnly Wildfire,Contrast,19830688,2/9/20,75.00,105.00,0.00,7.00,100.00,4.00,99.00,15.00,-1.60,63.00,114.00,10.50,31.00,42.00,0.96,0.60,72.00,76.00,63.00,140.00,254.00
6530,Cnly Wildfire,Cnly Armory,19830693,2/11/20,65.00,96.00,0.00,3.00,106.00,2.00,111.00,16.00,-2.60,61.00,116.00,13.20,34.00,44.00,0.76,0.45,65.00,88.00,52.00,140.00,247.00
384C,Deer Vlly Unique,Consensus,19847970,7/25/19,75.00,108.00,109.00,5.00,103.00,3.00,103.00,6.00,0.40,69.00,118.00,17.00,30.00,48.00,0.69,0.86,66.00,78.00,56.00,134.00,240.00
2331,Deer Vlly Unique,Confidence,19847997,7/26/19,72.00,108.00,105.00,6.00,100.00,4.00,103.00,13.00,-2.00,81.00,136.00,13.80,21.00,59.00,0.54,0.97,73.00,99.00,52.00,151.00,269.00
8448,Deer Vlly Unique,Total,19848030,7/28/19,79.00,110.00,89.00,10.00,91.00,7.00,90.00,8.00,0.90,44.00,77.00,10.80,25.00,18.00,0.47,0.81,57.00,62.00,50.00,112.00,202.00
546Y,Deer Vlly Unique,Deer Vlly Patriot,19847930,7/30/19,68.00,94.00,91.00,2.00,98.00,2.00,97.00,17.00,-1.50,62.00,114.00,14.60,32.00,41.00,0.64,0.72,66.00,81.00,55.00,136.00,242.00
20,Deer Vlly Unique,Final Product,19847950,7/31/19,72.00,102.00,103.00,6.00,101.00,6.00,100.00,8.00,-0.70,62.00,129.00,13.50,24.00,56.00,0.85,0.68,64.00,111.00,60.00,172.00,287.00
146,Deer Vlly Unique,Prm Product,19847979,8/2/19,63.00,101.00,110.00,6.00,98.00,6.00,99.00,16.00,-1.80,64.00,114.00,16.50,25.00,37.00,0.67,0.71,83.00,77.00,56.00,132.00,254.00
34H,Deer Vlly Unique,Total Impct,19848014,8/2/19,81.00,92.00,95.00,5.00,99.00,3.00,100.00,7.00,1.70,64.00,111.00,10.40,25.00,41.00,0.75,0.63,73.00,82.00,58.00,140.00,255.00
020,Deer Vlly Unique,Reflection,19847918,8/5/19,83.00,98.00,106.00,7.00,106.00,5.00,104.00,9.00,1.80,73.00,128.00,8.90,20.00,60.00,0.59,0.83,57.00,107.00,54.00,161.00,266.00
217E,Deer Vlly Unique,Consensus,19847922,8/7/19,92.00,100.00,100.00,6.00,103.00,5.00,101.00,3.00,3.70,74.00,137.00,5.10,27.00,49.00,0.54,0.74,63.00,89.00,52.00,141.00,246.00
0717A,Deer Vlly Unique,Cnly 044 062,19848011,8/9/19,70.00,85.00,99.00,8.00,101.00,6.00,105.00,12.00,0.90,70.00,130.00,12.50,27.00,61.00,0.73,0.64,54.00,107.00,58.00,165.00,268.00
464X,Deer Vlly Unique,2 Bar Cash,19847941,8/12/19,79.00,97.00,93.00,3.00,106.00,2.00,98.00,8.00,0.80,54.00,101.00,10.50,28.00,43.00,0.70,0.49,51.00,85.00,50.00,135.00,226.00
3463,Deer Vlly Unique,Substance,19847969,8/13/19,88.00,112.00,105.00,4.00,107.00,3.00,107.00,5.00,2.40,68.00,110.00,11.70,27.00,43.00,0.63,0.87,73.00,82.00,55.00,137.00,251.00
0614,Deer Vlly Unique,Coalition,19847984,8/13/19,77.00,86.00,90.00,8.00,105.00,7.00,103.00,2.00,3.20,60.00,105.00,8.30,19.00,33.00,0.75,0.69,57.00,69.00,60.00,129.00,224.00
339E,Deer Vlly Unique,Cnly Gold,19847923,8/17/19,80.00,105.00,98.00,5.00,106.00,4.00,102.00,5.00,2.50,74.00,124.00,17.10,22.00,39.00,0.77,0.76,90.00,74.00,61.00,135.00,265.00
4119,Deer Vlly Unique,Consensus,19848000,8/22/19,89.00,93.00,100.00,4.00,109.00,3.00,106.00,1.00,4.30,82.00,146.00,10.40,22.00,61.00,0.89,0.84,78.00,101.00,68.00,169.00,297.00
5827,Deer Vlly Unique,Cnly Prototype,19847991,8/22/19,86.00,124.00,110.00,2.00,115.00,2.00,111.00,6.00,2.50,75.00,131.00,9.80,23.00,53.00,0.68,0.55,59.00,92.00,53.00,145.00,247.00
048H,Deer Vlly Unique,Revenue,19848010,8/28/19,64.00,91.00,94.00,8.00,97.00,5.00,96.00,14.00,-0.10,61.00,120.00,5.80,24.00,41.00,1.10,0.43,57.00,89.00,70.00,160.00,265.00
132E,Deer Vlly Unique,Hemisphere,19848059,8/30/19,82.00,103.00,106.00,7.00,93.00,6.00,99.00,8.00,2.00,74.00,137.00,11.20,32.00,57.00,0.81,0.74,51.00,101.00,63.00,164.00,264.00
355H,Deer Vlly Unique,Hoover Dam,19847953,8/31/19,85.00,106.00,103.00,4.00,106.00,4.00,104.00,3.00,2.80,69.00,118.00,14.80,26.00,43.00,0.64,0.66,65.00,82.00,52.00,134.00,239.00
074X,Deer Vlly Unique,Mentor,19847946,9/4/19,79.00,104.00,98.00,8.00,103.00,5.00,104.00,8.00,1.40,64.00,113.00,8.30,21.00,45.00,0.74,0.89,58.00,85.00,61.00,145.00,246.00
6387,DPL Chico,MAR Innovation,19847967,8/8/19,86.00,86.00,86.00,2.00,93.00,2.00,92.00,-1.00,5.20,75.00,121.00,15.30,27.00,52.00,0.85,0.54,72.00,85.00,61.00,145.00,260.00
1985,DPL Chico,Consensus,19847972,8/8/19,90.00,98.00,97.00,7.00,98.00,7.00,100.00,-1.00,5.10,85.00,145.00,11.30,27.00,70.00,0.89,0.87,60.00,114.00,67.00,181.00,295.00
4830,DPL Chico,PA Safeguard,19848062,8/12/19,100.00,93.00,102.00,4.00,99.00,3.00,104.00,-9.00,6.50,76.00,134.00,10.90,22.00,71.00,0.50,0.92,43.00,123.00,51.00,174.00,269.00
64K,DPL Chico,Haynes Outright,19847980,8/13/19,93.00,106.00,113.00,1.00,106.00,1.00,113.00,2.00,5.20,86.00,158.00,9.30,28.00,76.00,0.54,0.52,49.00,128.00,44.00,172.00,272.00
8172,DPL Chico,Whitman,19848050,8/25/19,66.00,86.00,88.00,10.00,100.00,8.00,97.00,9.00,2.70,67.00,119.00,9.90,30.00,44.00,0.64,0.69,59.00,81.00,55.00,136.00,235.00
583H,DPL Chico,Deer Vlly Patriot,19848068,8/26/19,74.00,102.00,102.00,3.00,100.00,2.00,100.00,15.00,-0.60,55.00,99.00,11.70,26.00,32.00,0.87,0.55,56.00,67.00,61.00,128.00,222.00
291E,DPL Chico,Total Impct,19848003,8/27/19,83.00,100.00,90.00,5.00,106.00,4.00,104.00,-1.00,3.10,60.00,105.00,12.60,30.00,45.00,0.77,0.58,60.00,92.00,57.00,149.00,253.00
246E,DPL Chico,Cnly Cns 7229,19848067,8/30/19,84.00,99.00,94.00,5.00,104.00,4.00,101.00,7.00,1.00,61.00,106.00,6.30,31.00,37.00,0.67,0.24,56.00,79.00,49.00,128.00,222.00
5845,DPL Chico,Cnly Prototype,19847924,9/3/19,83.00,106.00,102.00,3.00,107.00,3.00,103.00,2.00,3.10,68.00,124.00,11.20,24.00,49.00,0.31,0.51,53.00,87.00,33.00,121.00,210.00
525P,DPL Chico,PVF Insight,19847927,9/3/19,77.00,115.00,104.00,3.00,100.00,3.00,96.00,3.00,0.90,68.00,111.00,12.10,44.00,48.00,0.53,0.69,58.00,84.00,46.00,130.00,227.00
6712,DPL Chico,GAR 100X,19847973,9/6/19,79.00,119.00,107.00,2.00,117.00,2.00,110.00,11.00,0.20,68.00,119.00,5.10,28.00,40.00,0.97,0.57,37.00,77.00,68.00,145.00,225.00
521H,DPL Chico,PVF Insight,19848009,9/11/19,80.00,97.00,97.00,3.00,96.00,3.00,97.00,7.00,1.70,69.00,125.00,8.80,25.00,66.00,0.54,0.76,46.00,123.00,50.00,173.00,270.00
650V,DPL Chico,Glory,19848021,9/12/19,73.00,107.00,100.00,2.00,99.00,2.00,96.00,8.00,2.40,81.00,150.00,11.90,34.00,75.00,0.60,0.61,66.00,125.00,49.00,174.00,292.00
4265,DPL Chico,Cnly Frnt & Cntr,19848029,9/12/19,79.00,102.00,94.00,4.00,105.00,3.00,99.00,7.00,1.90,71.00,123.00,11.80,21.00,43.00,0.63,0.62,67.00,84.00,50.00,134.00,241.00
650N,DPL Chico,SAV Resource,19848044,9/15/19,72.00,116.00,110.00,2.00,110.00,2.00,106.00,1.00,2.80,82.00,137.00,14.40,25.00,57.00,0.66,0.73,64.00,87.00,54.00,141.00,247.00
729T,DPL Chico,PA Valor,19829383,11/26/19,80.00,111.00,103.00,2.00,106.00,1.00,103.00,7.00,2.50,81.00,139.00,8.50,32.00,51.00,0.65,0.89,58.00,79.00,55.00,134.00,232.00
7489,DPL Chico,Consensus,19829392,11/26/19,78.00,92.00,89.00,2.00,92.00,1.00,89.00,10.00,0.70,58.00,99.00,12.70,24.00,31.00,0.91,0.76,61.00,69.00,66.00,134.00,235.00
7454,DPL Chico,Consensus,19829319,12/8/19,76.00,113.00,119.00,2.00,114.00,2.00,118.00,5.00,1.90,86.00,146.00,11.50,30.00,65.00,0.68,0.45,57.00,100.00,51.00,151.00,253.00
7813,DPL Chico,Pywt 1682,19829214,12/12/19,84.00,103.00,104.00,2.00,98.00,1.00,104.00,2.00,2.80,70.00,125.00,13.40,32.00,49.00,0.65,0.66,45.00,87.00,53.00,140.00,227.00
7652,DPL Chico,SAC Cnvrstion,19829300,12/17/19,66.00,97.00,92.00,2.00,104.00,1.00,92.00,5.00,1.20,61.00,109.00,10.60,32.00,38.00,1.04,0.91,60.00,74.00,77.00,151.00,256.00
7782,DPL Chico,SAC Cnvrstion,19829368,12/24/19,88.00,108.00,105.00,1.00,108.00,1.00,105.00,2.00,4.20,69.00,121.00,13.00,30.00,45.00,0.71,0.79,67.00,85.00,58.00,143.00,252.00
2361,DPL Chico,Substance,19830676,2/5/20,80.00,107.00,0.00,5.00,98.00,1.00,100.00,-1.00,4.00,90.00,154.00,10.80,11.00,55.00,0.59,0.61,31.00,84.00,53.00,137.00,209.00
8389,DPL Chico,Thunder,19830682,2/6/20,70.00,100.00,0.00,10.00,99.00,8.00,98.00,4.00,1.40,69.00,122.00,11.40,33.00,56.00,0.39,0.56,63.00,94.00,41.00,135.00,238.00
0909,DPL Chico,Pendleton,19830698,2/13/20,80.00,97.00,0.00,6.00,98.00,3.00,101.00,11.00,0.00,55.00,97.00,11.60,34.00,35.00,0.91,0.34,56.00,71.00,57.00,128.00,222.00
7745,DPL Chico,Newsline,19830700,2/15/20,85.00,99.00,0.00,9.00,100.00,2.00,101.00,0.00,4.60,68.00,111.00,8.40,29.00,48.00,0.51,0.70,45.00,86.00,46.00,132.00,216.00
011,GAR Inertia,Final Answr,19847968,7/26/19,66.00,90.00,94.00,8.00,96.00,7.00,98.00,13.00,-1.30,61.00,106.00,11.10,28.00,39.00,0.77,0.68,70.00,76.00,57.00,133.00,243.00
5737,GAR Inertia,PA Fortitude,19847947,7/31/19,80.00,87.00,87.00,3.00,99.00,3.00,97.00,5.00,0.90,68.00,115.00,12.10,22.00,35.00,0.88,0.71,52.00,82.00,65.00,147.00,243.00
352L,GAR Inertia,Cnly Cns 7229,19847978,8/2/19,80.00,102.00,114.00,5.00,94.00,2.00,106.00,4.00,2.90,84.00,148.00,10.70,25.00,62.00,0.99,0.92,64.00,106.00,73.00,179.00,296.00
4380,GAR Inertia,Cnly Heat,19848051,8/5/19,72.00,111.00,114.00,4.00,101.00,4.00,107.00,11.00,0.40,79.00,135.00,12.10,32.00,51.00,0.93,0.83,71.00,95.00,65.00,161.00,280.00
44E,GAR Inertia,Cnly Blk Granite,19847949,8/8/19,75.00,86.00,89.00,4.00,97.00,4.00,98.00,15.00,-1.30,49.00,80.00,11.50,32.00,31.00,0.91,0.76,71.00,75.00,63.00,139.00,251.00
5837,GAR Inertia,Cnly Blk Granite,19847963,8/10/19,72.00,97.00,104.00,3.00,101.00,3.00,101.00,10.00,0.30,82.00,145.00,14.80,28.00,64.00,0.50,0.99,76.00,110.00,50.00,160.00,284.00
258E,GAR Inertia,Consensus,19847957,8/12/19,86.00,98.00,101.00,6.00,98.00,5.00,102.00,2.00,2.20,62.00,107.00,11.40,23.00,35.00,0.83,0.56,69.00,81.00,58.00,139.00,249.00
3328,GAR Inertia,Cnly Cavalry,19848005,8/22/19,63.00,83.00,80.00,5.00,90.00,4.00,90.00,16.00,-2.40,48.00,81.00,6.40,24.00,24.00,1.06,0.57,60.00,66.00,68.00,133.00,233.00
1630,GAR Inertia,Consensus,19848027,8/23/19,83.00,119.00,113.00,7.00,99.00,6.00,98.00,5.00,2.20,81.00,146.00,8.70,27.00,72.00,0.74,1.02,60.00,122.00,62.00,185.00,300.00
212P,GAR Inertia,Confidence,19848046,8/24/19,75.00,95.00,95.00,6.00,84.00,3.00,92.00,8.00,0.70,61.00,110.00,15.30,28.00,42.00,1.16,0.42,72.00,87.00,71.00,157.00,276.00
3845,GAR Inertia,Cnly Cns 7229,19848001,8/26/19,66.00,101.00,93.00,5.00,98.00,3.00,97.00,10.00,-1.00,64.00,101.00,8.60,36.00,40.00,1.11,0.73,72.00,74.00,73.00,148.00,264.00
365E,GAR Inertia,Cnly Earnan,19848012,8/28/19,87.00,115.00,107.00,4.00,97.00,3.00,99.00,-1.00,4.50,85.00,147.00,15.20,18.00,64.00,0.67,0.89,73.00,110.00,59.00,169.00,292.00
8901,GAR Inertia,Net Worth,19848015,8/28/19,76.00,110.00,103.00,8.00,100.00,7.00,101.00,3.00,2.70,74.00,124.00,9.60,27.00,53.00,0.73,0.40,61.00,93.00,51.00,144.00,248.00
463V,GAR Inertia,Consensus,19848045,8/29/19,81.00,104.00,97.00,4.00,98.00,2.00,95.00,15.00,-1.30,58.00,106.00,13.30,22.00,38.00,0.59,0.64,71.00,82.00,50.00,132.00,242.00
671V,GAR Inertia,SAV Resource,19829400,11/13/19,78.00,100.00,100.00,2.00,99.00,2.00,100.00,2.00,5.30,86.00,151.00,12.60,15.00,64.00,0.60,0.66,56.00,107.00,50.00,157.00,260.00
692H,GAR Inertia,Haynes Outright,19829218,11/14/19,75.00,121.00,118.00,2.00,109.00,2.00,108.00,5.00,-0.10,71.00,129.00,10.00,35.00,66.00,0.85,0.76,49.00,113.00,62.00,175.00,276.00
83E,GAR Inertia,Ten Speed,19831886,1/29/20,70.00,109.00,0.00,1.00,109.00,0.00,0.00,10.00,1.00,64.00,112.00,14.40,26.00,37.00,0.75,0.54,62.00,77.00,55.00,132.00,233.00
845P,GAR Inertia,Cnly Regulator,19831884,2/2/20,70.00,96.00,0.00,1.00,96.00,0.00,0.00,11.00,0.70,72.00,123.00,10.10,20.00,46.00,0.87,0.49,67.00,91.00,57.00,148.00,259.00
8957,GAR Inertia,QH Manning,19831885,2/5/20,70.00,105.00,0.00,1.00,105.00,0.00,0.00,3.00,2.90,90.00,151.00,11.50,22.00,64.00,0.67,0.82,76.00,108.00,52.00,159.00,282.00
8212,GAR Inertia,Cnly Cade,19831887,2/6/20,70.00,103.00,0.00,1.00,103.00,0.00,0.00,8.00,1.00,84.00,139.00,12.20,24.00,58.00,0.56,0.82,60.00,96.00,52.00,149.00,253.00
8607,GAR Inertia,Bldrge 38 Specl,19831883,2/8/20,65.00,88.00,0.00,1.00,88.00,0.00,0.00,5.00,1.50,63.00,114.00,13.30,21.00,43.00,1.35,0.86,65.00,92.00,85.00,178.00,296.00
719F,GAR Sunbeam,QH Manning,19847926,7/22/19,66.00,96.00,90.00,1.00,96.00,1.00,90.00,12.00,0.30,64.00,106.00,10.10,29.00,52.00,0.62,1.00,59.00,92.00,57.00,149.00,252.00
794F,GAR Sunbeam,Traction,19848017,7/26/19,74.00,92.00,97.00,1.00,92.00,1.00,97.00,8.00,1.40,76.00,136.00,11.10,29.00,60.00,0.71,0.81,59.00,99.00,60.00,159.00,265.00
789F,GAR Sunbeam,Consensus,19848013,7/27/19,76.00,102.00,104.00,1.00,102.00,1.00,104.00,6.00,2.40,71.00,132.00,11.10,29.00,52.00,0.98,0.68,68.00,92.00,70.00,162.00,278.00
77E,GAR Sunbeam,Bennett Absolute,19848024,7/28/19,75.00,96.00,106.00,1.00,96.00,1.00,106.00,8.00,1.30,69.00,123.00,12.10,24.00,52.00,0.89,0.86,70.00,96.00,68.00,164.00,283.00
799E,GAR Sunbeam,MGR Treasure,19847966,7/31/19,75.00,109.00,105.00,1.00,109.00,1.00,105.00,5.00,2.00,85.00,144.00,12.60,21.00,63.00,0.95,1.17,68.00,96.00,78.00,174.00,294.00
71J,GAR Sunbeam,Consensus,19847971,8/2/19,76.00,100.00,100.00,1.00,100.00,1.00,100.00,9.00,0.50,70.00,115.00,10.50,30.00,43.00,0.92,0.50,61.00,79.00,63.00,142.00,245.00
1955,GAR Sunbeam,Cnly IF 4925,19847919,8/6/19,65.00,86.00,93.00,7.00,98.00,6.00,101.00,13.00,-2.60,55.00,94.00,13.30,28.00,33.00,1.03,0.71,82.00,70.00,70.00,140.00,264.00
713E,GAR Sunbeam,HA Cowboy Up,19848048,8/17/19,83.00,95.00,102.00,1.00,95.00,1.00,102.00,7.00,3.20,62.00,120.00,16.70,32.00,44.00,0.77,0.66,74.00,90.00,62.00,152.00,271.00
1141,GAR Sunbeam,Frontman,19847928,8/18/19,75.00,81.00,91.00,7.00,94.00,6.00,96.00,14.00,-0.70,59.00,109.00,11.10,25.00,45.00,0.66,0.83,65.00,94.00,55.00,149.00,258.00
331H,GAR Sunbeam,Hoover Dam,19847943,8/20/19,79.00,103.00,89.00,5.00,99.00,4.00,99.00,12.00,0.50,53.00,95.00,12.10,26.00,39.00,1.18,0.67,68.00,82.00,79.00,161.00,277.00
690K,GAR Sunbeam,Consensus,19848019,8/23/19,76.00,108.00,107.00,2.00,101.00,2.00,101.00,10.00,0.50,61.00,108.00,13.00,25.00,45.00,0.74,0.77,81.00,86.00,60.00,146.00,270.00
562C,GAR Sunbeam,Pltmre Weigh Up,19848022,9/12/19,67.00,93.00,95.00,3.00,100.00,2.00,96.00,15.00,-0.60,64.00,113.00,9.20,18.00,42.00,1.06,0.75,72.00,79.00,73.00,152.00,269.00
765K,Hoover Counselor,Consensus,19847916,7/19/19,62.00,85.00,100.00,1.00,85.00,1.00,100.00,13.00,-0.40,77.00,136.00,16.40,25.00,54.00,0.46,0.94,72.00,102.00,49.00,150.00,267.00
76F,Hoover Counselor,GAR Sunrise,19847986,7/24/19,76.00,84.00,89.00,1.00,84.00,1.00,89.00,3.00,1.80,61.00,107.00,9.10,30.00,41.00,0.92,0.60,43.00,81.00,67.00,148.00,235.00
717K,Hoover Counselor,GAR Sunrise,19848023,7/27/19,64.00,91.00,102.00,1.00,91.00,1.00,102.00,10.00,-1.20,60.00,118.00,13.00,28.00,44.00,0.74,0.99,59.00,97.00,65.00,162.00,269.00
423C,Hoover Counselor,SAV Brilliance,19848040,7/29/19,65.00,90.00,99.00,4.00,91.00,2.00,98.00,12.00,-1.80,58.00,105.00,15.00,28.00,47.00,0.50,0.65,82.00,90.00,46.00,135.00,257.00
511H,Hoover Counselor,Jndra D Vision,19848064,7/30/19,71.00,84.00,95.00,3.00,92.00,2.00,97.00,12.00,-1.60,46.00,81.00,12.10,32.00,22.00,0.44,0.65,65.00,63.00,42.00,105.00,201.00
3675,Hoover Counselor,Cnly Earnan,19847958,8/1/19,84.00,99.00,103.00,5.00,104.00,4.00,101.00,9.00,-0.50,56.00,100.00,16.80,28.00,44.00,0.63,0.38,72.00,94.00,44.00,138.00,251.00
777E,Hoover Counselor,Cnly Plus,19847959,8/12/19,69.00,95.00,99.00,1.00,95.00,1.00,99.00,10.00,-0.30,65.00,121.00,13.30,28.00,51.00,0.67,0.77,57.00,91.00,57.00,148.00,249.00
657H,Hoover Counselor,Investment,19847985,8/13/19,71.00,108.00,117.00,2.00,104.00,2.00,109.00,13.00,-0.70,72.00,142.00,14.50,33.00,64.00,0.54,0.60,68.00,109.00,48.00,157.00,272.00
633N,Hoover Counselor,Consensus,19928881,8/14/19,72.00,96.00,94.00,2.00,92.00,2.00,92.00,15.00,-1.60,62.00,112.00,12.40,32.00,39.00,0.68,0.72,52.00,80.00,56.00,136.00,228.00
648N,Hoover Counselor,Pywt 1682,19847960,9/5/19,64.00,86.00,92.00,2.00,99.00,2.00,98.00,9.00,-0.50,65.00,112.00,13.60,34.00,54.00,0.80,0.60,64.00,95.00,57.00,152.00,261.00
435H,Jindra Blackout,Cnly Blk Granite,19847962,7/23/19,70.00,111.00,114.00,4.00,99.00,2.00,103.00,6.00,1.80,90.00,153.00,12.40,33.00,67.00,0.64,0.84,69.00,105.00,56.00,161.00,278.00
581C,Jindra Blackout,Consensus,19848055,7/29/19,72.00,83.00,92.00,2.00,91.00,2.00,98.00,6.00,2.70,77.00,142.00,13.20,25.00,75.00,0.36,0.89,73.00,124.00,44.00,168.00,291.00
5188,Jindra Blackout,Cnly Frnt & Cntr,19847937,7/31/19,79.00,96.00,102.00,3.00,101.00,2.00,100.00,7.00,1.20,70.00,135.00,9.10,33.00,60.00,0.37,0.55,39.00,117.00,39.00,156.00,241.00
369H,Jindra Blackout,Cnly Earnan,19848049,8/4/19,82.00,97.00,93.00,5.00,104.00,1.00,93.00,2.00,3.00,68.00,119.00,15.40,25.00,61.00,0.47,0.55,74.00,107.00,43.00,150.00,269.00
464V,Jindra Blackout,Cnly Earnan,19847938,8/6/19,79.00,85.00,99.00,4.00,96.00,4.00,95.00,4.00,3.60,69.00,124.00,8.10,28.00,52.00,0.57,0.40,48.00,95.00,46.00,141.00,231.00
59P,Jindra Blackout,Cnly Pwr Surge,19847921,8/7/19,91.00,87.00,98.00,3.00,98.00,3.00,99.00,-3.00,5.60,77.00,140.00,11.40,30.00,71.00,0.81,0.55,51.00,121.00,56.00,177.00,281.00
343E,Jindra Blackout,PA Pwr Tool,19847982,8/8/19,74.00,99.00,96.00,4.00,96.00,2.00,97.00,-3.00,5.60,70.00,121.00,10.70,28.00,43.00,0.09,0.37,49.00,80.00,23.00,104.00,184.00
189E,Jindra Blackout,Revenue,19848018,8/10/19,74.00,98.00,104.00,7.00,103.00,6.00,106.00,10.00,0.10,62.00,120.00,8.00,37.00,57.00,0.51,0.70,70.00,99.00,47.00,146.00,259.00
18,Jindra Blackout,Fnl Solution,19847915,8/11/19,79.00,91.00,97.00,7.00,102.00,6.00,99.00,6.00,0.40,51.00,90.00,5.40,33.00,35.00,0.63,0.57,61.00,79.00,49.00,128.00,227.00
181,Jindra Blackout,Sitz Dash,19847988,8/13/19,76.00,107.00,102.00,6.00,100.00,4.00,104.00,5.00,1.60,59.00,103.00,11.40,34.00,52.00,0.38,0.98,77.00,94.00,47.00,141.00,260.00
1272,Jindra Blackout,Impression,19848032,8/15/19,70.00,94.00,106.00,7.00,103.00,6.00,104.00,10.00,1.30,56.00,106.00,15.40,45.00,60.00,0.66,0.77,69.00,112.00,53.00,165.00,283.00
353X,Jindra Blackout,AAR Ten X,19848065,8/15/19,83.00,105.00,111.00,5.00,94.00,5.00,97.00,1.00,2.80,62.00,121.00,9.00,34.00,59.00,0.37,0.66,35.00,109.00,40.00,149.00,228.00
5728,Jindra Blackout,Cnly Cnsns 014E,19847964,8/19/19,85.00,86.00,84.00,3.00,98.00,3.00,96.00,1.00,3.70,72.00,121.00,10.00,21.00,53.00,0.44,0.39,66.00,96.00,40.00,136.00,242.00
524C,Jindra Blackout,Deer Vlly Patriot,19847942,8/20/19,77.00,104.00,109.00,3.00,99.00,2.00,108.00,7.00,1.60,77.00,133.00,12.40,29.00,66.00,0.82,0.65,68.00,110.00,61.00,172.00,291.00
1911,Jindra Blackout,Frontman,19848008,8/22/19,73.00,107.00,101.00,7.00,98.00,7.00,98.00,5.00,1.10,60.00,111.00,9.00,37.00,54.00,0.40,0.76,51.00,101.00,45.00,146.00,240.00
389C,Jindra Blackout,AAR Ten X,19848028,8/23/19,74.00,87.00,89.00,5.00,100.00,4.00,97.00,10.00,-0.40,40.00,84.00,7.80,31.00,36.00,0.54,0.56,42.00,85.00,49.00,134.00,216.00
8229,KCF Bnntt Homestd,KCF TheRock,19829329,11/3/19,60.00,101.00,97.00,1.00,101.00,1.00,97.00,13.00,-1.50,68.00,127.00,10.70,29.00,57.00,1.02,0.36,50.00,104.00,66.00,170.00,270.00
85P,KCF Bnntt Homestd,Cnly Plus,19829219,11/7/19,66.00,102.00,112.00,1.00,102.00,1.00,112.00,12.00,-0.60,72.00,141.00,12.30,34.00,71.00,0.89,1.10,63.00,126.00,72.00,198.00,320.00
8499,KCF Bnntt Homestd,Cnly Big Money,19829310,11/10/19,66.00,108.00,108.00,1.00,108.00,1.00,108.00,14.00,0.10,59.00,111.00,12.30,25.00,59.00,0.56,0.63,70.00,109.00,46.00,155.00,271.00
886X,KCF Bnntt Homestd,MGR Treasure,19829308,11/10/19,63.00,104.00,111.00,1.00,104.00,1.00,111.00,15.00,-1.50,66.00,124.00,14.70,22.00,43.00,0.95,0.76,80.00,81.00,70.00,151.00,276.00
812,KCF Bnntt Homestd,HA Cowboy Up,19829361,11/12/19,58.00,94.00,100.00,1.00,94.00,1.00,100.00,14.00,-1.60,53.00,101.00,16.50,28.00,32.00,0.57,0.41,70.00,71.00,47.00,118.00,223.00
8307,KCF Bnntt Homestd,Cnly Century,19829268,11/16/19,62.00,109.00,110.00,1.00,109.00,1.00,110.00,14.00,0.20,62.00,117.00,11.70,34.00,55.00,0.66,0.49,46.00,98.00,49.00,147.00,237.00
864,KCF Bnntt Homestd,Cnly Big Money,19829301,11/17/19,60.00,93.00,97.00,1.00,93.00,1.00,97.00,10.00,0.70,62.00,111.00,16.30,19.00,48.00,0.60,1.02,75.00,87.00,58.00,146.00,264.00
874N,KCF Bnntt Homestd,Cnly Pwr Surge,19829360,11/20/19,62.00,100.00,109.00,1.00,100.00,1.00,109.00,8.00,1.60,63.00,110.00,10.90,29.00,55.00,0.78,0.68,83.00,102.00,59.00,161.00,292.00
8223,KCF Bnntt Homestd,KCF TheRock,19829239,11/22/19,68.00,104.00,104.00,1.00,104.00,1.00,104.00,12.00,0.20,54.00,93.00,13.80,35.00,47.00,0.53,0.73,76.00,86.00,49.00,134.00,250.00
8403,KCF Bnntt Homestd,Cnly Template,19829222,12/5/19,76.00,94.00,95.00,1.00,94.00,1.00,95.00,6.00,2.40,72.00,130.00,14.80,21.00,52.00,0.56,0.68,69.00,95.00,49.00,144.00,256.00
892P,LD Cap 316,Deer Vlly Patriot,19829271,11/2/19,57.00,94.00,91.00,1.00,94.00,1.00,91.00,14.00,-0.40,64.00,104.00,12.70,28.00,45.00,0.57,0.69,71.00,88.00,47.00,135.00,246.00
8421,LD Cap 316,Bldrge 38 Specl,19829196,11/6/19,54.00,99.00,99.00,1.00,99.00,1.00,99.00,14.00,-1.20,70.00,124.00,10.80,26.00,58.00,0.39,0.64,64.00,106.00,37.00,143.00,249.00
8471,LD Cap 316,Cnly Template,19829347,11/11/19,66.00,90.00,95.00,1.00,90.00,1.00,95.00,5.00,1.30,65.00,116.00,13.10,24.00,53.00,0.65,0.60,60.00,103.00,48.00,151.00,256.00
855X,LD Cap 316,Dr Vlly Old Hckry,19829191,11/14/19,73.00,120.00,104.00,1.00,120.00,1.00,104.00,10.00,-0.10,79.00,132.00,9.10,24.00,57.00,0.67,0.48,59.00,96.00,51.00,147.00,250.00
88T,LD Cap 316,GAR Drive,19829189,11/14/19,72.00,94.00,96.00,1.00,94.00,1.00,96.00,3.00,0.60,58.00,103.00,9.70,27.00,47.00,0.61,0.87,48.00,96.00,50.00,146.00,237.00
8401,LD Cap 316,Cnly Template,19829362,11/25/19,77.00,108.00,102.00,1.00,108.00,1.00,102.00,9.00,1.30,76.00,128.00,10.70,28.00,65.00,0.56,0.77,55.00,108.00,48.00,156.00,257.00
8963,LD Cap 316,Cnly Armory,19829193,12/4/19,71.00,98.00,94.00,1.00,98.00,1.00,94.00,11.00,-1.00,69.00,121.00,11.90,34.00,57.00,0.19,0.68,63.00,101.00,30.00,132.00,234.00
8813,Lyons Manhattan,Cnly Cade,19829389,11/13/19,57.00,106.00,98.00,1.00,106.00,1.00,98.00,3.00,0.80,67.00,119.00,14.90,28.00,55.00,0.26,0.61,71.00,108.00,36.00,144.00,258.00
8640,Lyons Manhattan,Cnly Template,19829221,11/15/19,60.00,102.00,101.00,1.00,102.00,1.00,101.00,11.00,-0.90,58.00,106.00,15.80,34.00,45.00,0.32,0.75,69.00,93.00,38.00,131.00,239.00
8158,Lyons Manhattan,Cnly Century,19829327,11/17/19,61.00,96.00,99.00,1.00,96.00,1.00,99.00,10.00,-0.90,57.00,100.00,13.30,27.00,41.00,0.49,0.84,62.00,84.00,46.00,130.00,231.00
8157,Lyons Manhattan,3F Epic,19829302,11/19/19,66.00,106.00,100.00,1.00,106.00,1.00,100.00,0.00,2.40,88.00,149.00,10.50,28.00,65.00,0.65,0.77,66.00,103.00,53.00,156.00,268.00
8829,Lyons Manhattan,O'Connor,19829407,11/20/19,86.00,103.00,94.00,1.00,103.00,1.00,94.00,-4.00,3.30,60.00,118.00,14.30,36.00,68.00,0.48,0.62,57.00,129.00,43.00,173.00,281.00
885D,Mead Magnitude,MGR Treasure,19829208,10/29/19,60.00,127.00,117.00,1.00,127.00,1.00,117.00,15.00,0.70,98.00,168.00,13.20,28.00,75.00,0.42,0.77,68.00,114.00,45.00,159.00,274.00
87Y,Mead Magnitude,EXAR Stud,19829273,11/9/19,57.00,105.00,101.00,1.00,105.00,1.00,101.00,17.00,-2.90,54.00,100.00,12.00,36.00,37.00,0.80,0.71,65.00,75.00,61.00,136.00,241.00
853P,Mead Magnitude,Deer Vlly Patriot,19829324,11/10/19,60.00,106.00,105.00,1.00,106.00,1.00,105.00,16.00,-1.10,72.00,131.00,10.00,32.00,50.00,0.70,0.75,59.00,83.00,59.00,141.00,242.00
823J,Mead Magnitude,Cnly Greeley,19829354,11/11/19,70.00,123.00,120.00,1.00,123.00,1.00,120.00,14.00,-0.10,89.00,155.00,11.20,29.00,72.00,0.49,0.91,58.00,107.00,50.00,157.00,262.00
8685,Mead Magnitude,PVF Insight,19829408,11/14/19,66.00,100.00,101.00,1.00,100.00,1.00,101.00,12.00,0.80,67.00,114.00,16.50,37.00,48.00,0.51,0.94,87.00,77.00,51.00,128.00,253.00
8370,Mead Magnitude,Cnly Template,19829398,11/19/19,73.00,102.00,97.00,1.00,102.00,1.00,97.00,6.00,1.60,72.00,131.00,16.00,25.00,60.00,0.79,0.81,77.00,108.00,63.00,171.00,299.00
835L,Mead Magnitude,Ten Speed,19829192,11/28/19,72.00,95.00,94.00,1.00,95.00,1.00,94.00,12.00,-0.10,54.00,100.00,11.90,36.00,28.00,0.58,0.16,60.00,59.00,44.00,103.00,194.00
880D,Mead Magnitude,Cnly Armory,19829282,11/30/19,63.00,118.00,117.00,1.00,118.00,1.00,117.00,13.00,-0.70,85.00,142.00,17.80,41.00,62.00,0.69,0.67,81.00,95.00,57.00,152.00,278.00
8447,Mead Magnitude,Cnly Concord,19829333,12/1/19,78.00,119.00,102.00,1.00,119.00,1.00,102.00,10.00,1.60,75.00,120.00,17.90,31.00,45.00,0.53,1.08,99.00,73.00,56.00,129.00,266.00
8364,Mead Magnitude,Bldrdge Colonel,19829331,12/3/19,78.00,111.00,112.00,1.00,111.00,1.00,112.00,5.00,1.40,71.00,136.00,14.20,35.00,62.00,0.60,0.78,58.00,105.00,53.00,158.00,263.00
027T,Sprng Cove Reno,Cnly Wrangler,19847954,7/31/19,69.00,100.00,100.00,8.00,95.00,5.00,103.00,9.00,-0.90,56.00,103.00,15.30,26.00,36.00,0.77,0.62,74.00,74.00,62.00,136.00,250.00
2161,Sprng Cove Reno,Upshot,19847975,8/8/19,77.00,110.00,112.00,6.00,102.00,6.00,105.00,7.00,0.70,77.00,133.00,14.20,40.00,54.00,0.95,0.89,75.00,80.00,72.00,152.00,272.00
085C,Sprng Cove Reno,Upward,19848026,8/10/19,75.00,82.00,94.00,8.00,92.00,6.00,97.00,4.00,1.60,67.00,119.00,17.50,33.00,44.00,0.73,0.60,65.00,73.00,58.00,130.00,234.00
5974,Sprng Cove Reno,Peerless,19847925,8/12/19,70.00,97.00,106.00,2.00,103.00,2.00,106.00,9.00,-0.10,61.00,106.00,13.90,28.00,43.00,0.98,0.51,69.00,80.00,65.00,146.00,258.00
614K,Sprng Cove Reno,Pltmre Weigh Up,19847920,8/12/19,80.00,105.00,105.00,1.00,105.00,1.00,105.00,6.00,2.60,80.00,131.00,14.40,19.00,58.00,0.53,0.65,71.00,97.00,50.00,147.00,262.00
798J,Sprng Cove Reno,GAR Sunrise,19847948,8/20/19,70.00,91.00,91.00,1.00,91.00,1.00,91.00,5.00,1.70,66.00,111.00,10.70,25.00,37.00,0.55,0.35,57.00,67.00,45.00,111.00,201.00
3582,Sprng Cove Reno,Cnly Capitalist,19848007,8/22/19,77.00,103.00,107.00,5.00,108.00,4.00,105.00,4.00,1.30,68.00,114.00,16.10,42.00,54.00,0.50,0.63,86.00,89.00,46.00,136.00,262.00
561C,Sprng Cove Reno,Traction,19848042,8/24/19,81.00,97.00,91.00,3.00,97.00,3.00,98.00,0.00,0.70,61.00,107.00,13.40,38.00,34.00,0.63,0.30,59.00,67.00,49.00,117.00,211.00
736K,Sprng Cove Reno,GAR Sunrise,19848006,8/26/19,68.00,126.00,109.00,1.00,126.00,1.00,109.00,9.00,1.50,80.00,141.00,10.80,37.00,63.00,0.86,0.84,68.00,94.00,67.00,161.00,277.00
4132,Sprng Cove Reno,Cnly Frnt & Cntr,19847998,8/26/19,86.00,105.00,102.00,4.00,102.00,3.00,101.00,1.00,2.50,67.00,114.00,11.10,37.00,43.00,0.83,0.68,60.00,75.00,64.00,139.00,240.00
347P,Spur Competitor,AAR Ten X,19939758,12/6/19,60.00,78.00,84.00,4.00,95.00,3.00,95.00,13.00,-1.30,49.00,87.00,10.60,19.00,39.00,0.88,0.55,47.00,83.00,63.00,146.00,236.00
438CA,Spur Competitor,Cnly Blk Granite,19829378,12/8/19,59.00,101.00,97.00,1.00,109.00,0.00,0.00,10.00,1.60,50.00,101.00,9.80,26.00,41.00,1.10,0.77,40.00,95.00,74.00,169.00,259.00
228L,Spur Competitor,Substance,19829351,12/8/19,84.00,91.00,90.00,5.00,104.00,4.00,95.00,7.00,0.30,41.00,86.00,15.20,22.00,34.00,0.87,0.47,61.00,91.00,62.00,153.00,259.00
5118,Spur Competitor,K Advance,19829225,12/12/19,81.00,105.00,109.00,3.00,103.00,2.00,106.00,5.00,2.50,67.00,120.00,15.70,11.00,52.00,0.53,0.80,54.00,109.00,50.00,159.00,260.00
673Z,Spur Competitor,Consensus,19829320,12/19/19,87.00,103.00,107.00,2.00,108.00,1.00,107.00,-4.00,4.60,77.00,133.00,15.60,23.00,51.00,0.30,0.81,73.00,89.00,43.00,132.00,244.00
722H,Sydgen Enhance,QH Manning,19854716,7/22/19,70.00,90.00,97.00,1.00,90.00,1.00,97.00,8.00,2.20,75.00,136.00,13.20,26.00,67.00,0.78,0.67,71.00,120.00,59.00,179.00,303.00
8117,Sydgen Enhance,Cnly Cade,19829257,11/9/19,62.00,98.00,105.00,1.00,98.00,1.00,105.00,9.00,-0.10,66.00,130.00,10.40,29.00,61.00,0.70,0.65,66.00,116.00,52.00,168.00,284.00
8148,Sydgen Enhance,PVF Insight,19829334,11/11/19,69.00,100.00,97.00,1.00,100.00,1.00,97.00,1.00,2.70,77.00,150.00,11.00,30.00,76.00,0.84,0.95,58.00,132.00,69.00,201.00,319.00
80L,Sydgen Enhance,Cnly Plus,19829380,11/12/19,57.00,81.00,97.00,1.00,81.00,1.00,97.00,13.00,0.00,62.00,121.00,15.40,23.00,51.00,0.73,0.97,82.00,104.00,62.00,166.00,297.00
849N,Sydgen Enhance,Cnly Cmmnwlth,19829372,11/12/19,66.00,127.00,117.00,1.00,127.00,1.00,117.00,12.00,0.40,85.00,160.00,10.10,25.00,71.00,0.78,0.82,58.00,108.00,62.00,170.00,278.00
882J,Sydgen Enhance,Cnly Legendary,19829195,11/14/19,70.00,103.00,95.00,1.00,103.00,1.00,95.00,12.00,1.10,73.00,131.00,13.60,20.00,59.00,0.80,0.74,71.00,106.00,60.00,166.00,286.00
8183,Sydgen Enhance,Consensus,19829339,11/18/19,61.00,103.00,95.00,1.00,103.00,1.00,95.00,9.00,-0.40,66.00,121.00,10.80,28.00,43.00,0.61,0.59,75.00,84.00,51.00,135.00,250.00
8278,Sydgen Enhance,Cnly Template,19829274,11/23/19,66.00,101.00,95.00,1.00,101.00,1.00,95.00,11.00,1.10,67.00,117.00,11.90,18.00,47.00,0.34,0.51,66.00,94.00,36.00,130.00,235.00
8562,Sydgen Enhance,Cnly Cade,19829243,12/6/19,81.00,100.00,112.00,1.00,100.00,1.00,112.00,-1.00,2.60,79.00,142.00,12.70,29.00,62.00,0.63,0.84,66.00,107.00,55.00,162.00,276.00
836N,Tehama Tahoe,Deer Vlly Patriot,19936299,11/5/19,58.00,109.00,104.00,1.00,109.00,1.00,104.00,17.00,-2.80,72.00,123.00,13.70,34.00,45.00,0.96,0.78,76.00,81.00,68.00,149.00,269.00
870J,Tehama Tahoe,Cnly Legendary,19829215,11/6/19,60.00,117.00,119.00,1.00,117.00,1.00,119.00,16.00,-3.20,69.00,115.00,18.00,35.00,45.00,0.77,0.71,98.00,81.00,59.00,140.00,280.00
8996,Tehama Tahoe,GAR Sure Fire,19829202,11/6/19,68.00,111.00,111.00,1.00,111.00,1.00,111.00,11.00,-0.10,69.00,126.00,13.90,37.00,42.00,1.34,0.84,89.00,83.00,85.00,168.00,307.00
8526,Tehama Tahoe,TEX Playbook,19931990,11/10/19,67.00,106.00,111.00,1.00,106.00,1.00,111.00,10.00,0.60,67.00,120.00,11.20,33.00,49.00,0.78,0.68,74.00,94.00,58.00,152.00,271.00
870E,Tehama Tahoe,Cnly Plus,19829220,11/21/19,65.00,109.00,119.00,1.00,109.00,1.00,119.00,15.00,-2.40,79.00,141.00,10.70,31.00,61.00,0.78,0.73,73.00,105.00,58.00,163.00,284.00
863J,Tehama Tahoe,Cnly Legendary,19829277,11/23/19,67.00,115.00,117.00,1.00,115.00,1.00,117.00,12.00,-0.50,78.00,136.00,13.70,30.00,48.00,1.35,0.55,84.00,78.00,81.00,159.00,290.00
854X,Tehama Tahoe,Cnly Plus,19829318,11/24/19,79.00,118.00,114.00,1.00,118.00,1.00,114.00,2.00,3.80,93.00,160.00,10.40,25.00,73.00,0.98,1.00,83.00,111.00,74.00,184.00,322.00
8700,Tehama Tahoe,TEX Playbook,19829394,12/2/19,87.00,107.00,104.00,1.00,107.00,1.00,104.00,4.00,2.10,77.00,129.00,10.50,35.00,54.00,1.02,0.42,82.00,89.00,66.00,155.00,283.00
8689,Tehama Tahoe,HA Cowboy Up,19829233,12/5/19,81.00,103.00,110.00,1.00,103.00,1.00,110.00,10.00,0.60,83.00,147.00,13.30,24.00,54.00,0.75,0.61,75.00,92.00,57.00,149.00,268.00
