ASA_Number,Tattoo,Eid,Name,Sex,Breeds,Color,Hps,GeneticHps,BirthWtAdj,BWT_Ratio,Weaning>WtAdj,Weaning>WWT_Ratio,Yearling>WtAdj,Yearling>YWT_Ratio,Yearling>Adj_Scr,Yearling>Adj_Pelvic_Area,Ultrasound>WtAdj,Ultrasound>WtRatio,Ultrasound>IMFAdj,Ultrasound>IMFRatio,Ultrasound>BFAdj,Ultrasound>BFRatio,Ultrasound>REAAdj,Ultrasound>REARatio,Epds>CeEpd,Epds>CeAcc,Percentile>CE,Epds>BirthWtEpd,Epds>BirthWtAcc,Percentile>BW,Epds>WeanWtEpd,Epds>WeanWtAcc,Percentile>WW,Epds>YearlingWtEpd,Epds>YearlingWtAcc,Percentile>YW,Epds>MceEpd,Epds>MceAcc,Percentile>MCE,Epds>MilkEpd,Epds>MilkAcc,Percentile>Milk,Epds>MwwEpd,Epds>MwwAcc,Percentile>MWW,Epds>StayEpd,Epds>StayAcc,Percentile>Stay,Epds>DocEpd,Epds>DocAcc,Percentile>Doc,Epds>CarcassWtEpd,Epds>CarcassWtAcc,Percentile>CW,Epds>YieldGradeEpd,Epds>YieldGradeAcc,Percentile>YG,Epds>MarblingEpd,Epds>MarblingAcc,Percentile>Marb,Epds>BackFatEpd,Epds>BackFatAcc,Percentile>BF,Epds>RibEyeEpd,Epds>RibEyeAcc,Percentile>REA,Epds>ShrForceEpd,Epds>ShrForceAcc,Percentile>SF,Epds>Api,Percentile>API,Epds>Ti,Percentile>TI
2716166,5A,0,HOOKS ACHILLES 5A,B,1/2 SM 1/2 AN,B,P,Homozygous Polled,83,0,693,0,1346,0,0,0,1355.0,99,3.75,99,0.30,103,16.40,103,9.1,0.69,90,0.5,0.83,55,79.5,0.80,30,125.0,0.76,30,5.2,0.53,80,10.0,0.55,99,49.7,0.63,95,19.0,0.43,10,13.5,0.65,30,42.6,0.68,20,-0.26,0.50,40,0.40,0.61,30,-0.046,0.54,50,0.89,0.63,15,-0.31,0.17,70,141.7,25,80.9,35
3107252,D313,0,SFG3 MMARK X 156B D313,B,1/2 SM 1/2 AN,B,P,Homozygous Polled,70,82,578,95,1074,97,0,0,1089.0,97,2.91,120,0.22,110,15.02,114,21.3,0.62,1,-4.6,0.76,2,58.8,0.69,95,97.3,0.66,85,14.4,0.34,1,16.6,0.21,95,45.9,0.34,99,19.6,0.32,5,11.5,0.38,60,14.5,0.61,95,-0.24,0.47,45,0.35,0.58,40,-0.034,0.49,65,0.54,0.59,75,-0.23,0.18,99,157.4,10,75.6,60
2954741,018C,0,GW TRIPLE CROWN 018C,B,5/8 SM 3/8 AN,B,P,Homozygous Polled,81,98,673,102,1208,100,0,0,1335.0,109,3.43,90,0.25,104,13.26,102,14.8,0.72,20,-2.7,0.86,10,83.9,0.83,20,142.6,0.83,10,9.9,0.55,10,29.0,0.52,10,70.9,0.60,10,17.9,0.40,15,18.6,0.47,2,53.7,0.72,4,-0.29,0.54,35,0.78,0.71,3,-0.058,0.61,35,1.04,0.69,4,-0.44,0.20,10,177.7,1,100.6,1
3043241,5186C,0,BAR CK/TBEF BALANCE 5186C,B,1/2 SM 1/2 AN,B,P,0,83,108,593,105,1127,104,31.3,0,1134.0,104,4.73,150,0.14,82,14.10,109,15.2,0.61,20,-1.5,0.84,20,74.6,0.80,50,119.1,0.78,40,9.4,0.46,15,30.6,0.37,4,67.9,0.48,15,18.7,0.29,10,12.3,0.62,45,50.2,0.75,10,-0.06,0.57,95,0.60,0.74,10,0.041,0.67,99,1.03,0.72,4,0,0,0,160.5,5,87.3,15
2810666,A732,0,IR DUNDEE A732,B,3/4 SM 1/4 AN,B,P,Homozygous Polled,96,108,746,136,1500,128,41.3,0,1506.0,128,4.13,111,0.39,170,19.04,135,10.1,0.59,80,2.0,0.74,80,83.5,0.71,20,129.0,0.69,25,6.3,0.36,60,26.8,0.36,20,68.5,0.45,15,14.0,0.29,60,11.6,0.35,55,32.8,0.61,50,-0.24,0.46,45,0.45,0.54,25,-0.037,0.48,65,0.76,0.57,30,0,0,0,134.1,40,84.3,25
3425278,814E,0,SCC-XL TRAILBOSS 814E,B,5/8 SM 3/8 AN,B,P,Homozygous Polled,82,0,665,0,0,0,0,0,1023.0,100,2.09,74,0.16,100,11.98,97,16.2,0.50,10,-1.1,0.61,25,70.7,0.49,65,107.7,0.50,70,8.0,0.27,30,18.7,0.22,85,54.0,0.32,80,20.2,0.26,4,9.5,0.29,85,26.3,0.49,75,-0.18,0.38,65,0.43,0.45,30,-0.041,0.37,50,0.48,0.46,80,-0.52,0.09,1,153.1,10,79.5,40
3261167,120E,0,LRS CRAFTSMAN 120E,B,PB SM,B,P,Homozygous Polled,80,0,786,0,1401,0,40.4,0,1404.0,106,2.52,108,0.19,86,13.41,95,9.0,0.52,75,3.1,0.64,80,82.9,0.61,25,133.0,0.60,15,3.0,0.32,95,26.7,0.23,25,68.1,0.34,20,16.8,0.31,45,8.3,0.39,85,40.8,0.51,15,-0.30,0.39,95,0.18,0.47,35,-0.066,0.39,95,0.82,0.47,65,-0.36,0.20,40,132.1,40,80.6,30
3256169,6176D,0,GIBBS 6176D FACEBOOK,B,5/8 SM 3/8 AN,B,P,Homozygous Polled,66,99,817,108,1211,104,0,0,1218.0,102,2.82,109,0.16,80,14.93,107,7.4,0.59,95,2.9,0.80,95,96.6,0.75,2,152.2,0.75,3,2.5,0.29,99,16.0,0.22,95,64.2,0.35,30,13.6,0.26,65,11.9,0.48,50,48.3,0.60,10,-0.23,0.46,50,0.61,0.57,10,-0.028,0.51,75,0.99,0.56,10,-0.43,0.18,15,142.5,25,93.7,3
3152346,265D,0,CDI MAINLINE 265D,B,3/4 SM 1/4 AN,B,P,Homozygous Polled,89,0,834,0,1160,0,37.8,0,1164.0,92,2.62,110,0.24,109,13.84,94,8.3,0.66,95,2.1,0.85,85,89.3,0.81,10,136.7,0.80,15,2.5,0.46,99,26.2,0.31,20,70.8,0.44,10,21.8,0.33,1,14.5,0.62,20,44.4,0.65,15,-0.38,0.51,15,0.17,0.63,80,-0.095,0.54,4,0.90,0.65,15,-0.47,0.20,4,134.8,40,81.1,35
3111909,0320C,0,CCR PAYDAY 0320C,B,1/2 SM 1/2 AN,B,P,Homozygous Polled,82,0,671,0,1349,0,0,0,1358.0,113,2.76,82,0.28,147,12.77,100,10.0,0.70,80,2.7,0.86,90,91.0,0.84,10,131.4,0.83,20,6.2,0.51,65,21.4,0.45,65,66.9,0.54,20,15.8,0.39,40,11.7,0.64,55,54.0,0.66,4,0.10,0.50,99,0.30,0.62,50,0.009,0.54,99,0.35,0.64,95,0,0,0,127.3,55,81.5,35
3135344,605D,0,MR DALTON KANYE 1605,B,1/2 SM 1/2 AN,B,P,Heterozygous Polled,65,93,0,0,0,0,0,0,0,0,0,0,0,0,0,0,8.7,0.47,90,3.2,0.64,95,71.8,0.59,60,115.6,0.52,50,6.4,0.17,60,26.1,0.05,25,62.0,0.18,40,13.3,0.21,65,12.8,0.06,40,28.3,0.43,65,-0.22,0.31,55,0.37,0.31,35,-0.063,0.26,25,0.45,0.41,85,0,0,0,120.2,70,73.6,65
3405044,7124E,0,GIBBS 7124E STONEWALL,B,1/2 SM 1/2 AN,B,P,Homozygous Polled,57,0,781,0,1155,0,0,0,1159.0,109,3.42,111,0.18,86,15.67,115,16.1,0.50,15,-2.3,0.54,15,84.3,0.53,20,130.7,0.54,20,8.2,0.29,30,25.9,0.23,25,68.0,0.32,15,17.1,0.29,25,17.1,0.39,4,35.9,0.51,40,-0.31,0.41,25,0.58,0.46,10,-0.057,0.45,35,0.88,0.50,15,-0.52,0.08,1,163.9,4,94.4,3
3611790,336G,0,TJ STONE COLD 336G,B,5/8 SM 3/8 AN,B,P,Homozygous Polled,72,81,818,121,1392,118,39.1,0,0,0,0,0,0,0,0,0,17.4,0.43,10,-4.5,0.48,2,92.1,0.46,5,135.7,0.47,15,9.5,0.21,15,30.6,0.13,4,76.6,0.24,2,20.4,0.25,3,12.9,0.36,35,43.9,0.45,20,-0.23,0.36,50,0.33,0.38,45,-0.036,0.37,65,0.87,0.43,15,-0.32,0.06,65,163.7,4,95.3,2
2731987,230A,0,CDI CRUISE 230A,B,3/4 SM 1/4 AN,B,P,Homozygous Polled,99,0,744,0,1345,0,34.5,0,1334.0,101,2.70,93,0.29,132,14.31,96,5.8,0.55,99,4.6,0.72,99,75.8,0.69,45,111.6,0.65,60,1.7,0.31,99,13.7,0.25,99,51.6,0.36,90,14.0,0.31,60,4.1,0.34,99,31.3,0.52,55,-0.50,0.40,2,0.08,0.50,95,-0.105,0.40,2,1.02,0.49,5,-0.32,0.18,65,110.2,85,70.2,80
2751321,A100,0,ELLIOTT A100,B,PB SM,B,P,Homozygous Polled,87,92,638,101,1101,100,0,0,1100.0,100,1.63,79,0.17,89,17.14,117,17.7,0.65,2,-1.0,0.78,10,62.3,0.73,95,89.6,0.72,95,5.5,0.46,55,17.6,0.50,95,48.7,0.58,99,16.3,0.42,50,10.9,0.39,55,21.0,0.64,85,-0.63,0.47,1,0.14,0.58,45,-0.094,0.50,40,1.36,0.58,1,-0.40,0.17,20,138.9,25,73.1,70
2994506,B62,0,CIRCLE OLD SCHOOL B62,B,1/2 SM 1/2 AN,B,P,Homozygous Polled,90,0,685,0,1330,0,0,0,1301.0,114,2.67,101,0.26,137,15.76,105,8.7,0.64,90,2.1,0.86,85,84.7,0.69,20,136.9,0.69,15,5.2,0.53,80,9.5,0.37,99,51.9,0.46,90,17.6,0.44,20,15.3,0.46,15,44.0,0.63,20,-0.06,0.48,95,0.27,0.54,55,-0.013,0.49,90,0.55,0.61,70,-0.35,0.20,50,130.1,45,78.1,50
3239492,D67,0,DFF MR PROFIT NS D67,B,1/2 SM 1/2 AN,B,P,Homozygous Polled,74,100,802,104,1319,106,33.8,0,1328.0,106,5.14,109,0.30,100,13.11,99,6.1,0.59,99,4.4,0.72,99,84.2,0.68,20,137.5,0.67,10,4.9,0.34,85,26.5,0.24,20,68.5,0.36,15,15.2,0.30,45,12.6,0.50,40,38.8,0.64,30,-0.09,0.50,90,0.53,0.60,15,-0.057,0.56,35,0.23,0.62,99,0,0,0,132.1,45,82.8,30
3191680,D3022,0,SPECIAL EVENT ADV D3022,B,3/4 SM 1/4 AN,B,P,Homozygous Polled,108,0,627,0,1221,0,0,0,1253.0,111,3.56,108,0.15,94,13.35,103,12.4,0.55,50,1.3,0.67,70,87.6,0.64,10,137.6,0.63,10,4.7,0.32,85,23.8,0.23,40,67.6,0.34,15,13.5,0.29,65,14.6,0.45,20,37.2,0.64,35,-0.39,0.50,10,-0.01,0.64,99,-0.106,0.56,2,0.76,0.62,30,-0.52,0.20,1,115.3,75,77.3,50
3044009,C217,0,TNT REVENANT C217,B,1/2 SM 1/2 AN,B,P,Homozygous Polled,79,87,778,101,1359,100,39.1,0,1365.0,97,4.20,158,0.42,131,16.04,102,22.8,0.74,1,-4.7,0.84,2,53.6,0.79,99,89.5,0.80,95,12.1,0.43,2,29.1,0.37,10,55.9,0.47,70,17.6,0.32,20,20.8,0.70,1,6.5,0.73,99,-0.15,0.55,75,0.73,0.70,4,-0.036,0.63,65,0.16,0.68,99,-0.29,0.18,80,173.9,2,83.0,25
3403102,141F,0,SCC-X/L RANGE MASTER,B,5/8 SM 3/8 AN,B,P,Homozygous Polled,80,100,577,100,1001,105,33.6,0,1005.0,104,2.14,80,0.16,84,12.18,105,14.3,0.42,25,-0.9,0.49,25,71.5,0.45,65,117.4,0.46,45,7.4,0.22,40,18.2,0.15,85,53.9,0.25,80,12.2,0.25,75,12.3,0.17,45,43.3,0.46,20,-0.25,0.36,45,0.53,0.41,15,-0.048,0.36,50,0.85,0.44,20,-0.35,0.08,50,142.1,25,82.9,30
3568376,G1609,0,MR SR HIGHLIFE G1609,B,PB SM,B,P,Homozygous Polled,87,92,766,111,1321,110,40.0,0,1244.0,106,2.38,101,0.12,60,11.92,92,15.3,0.44,10,-0.2,0.50,20,96.6,0.47,3,147.2,0.48,3,9.1,0.23,10,24.1,0.18,45,72.4,0.27,10,19.9,0.26,10,14.1,0.33,15,41.8,0.48,15,-0.49,0.37,20,0.19,0.44,35,-0.109,0.38,20,1.09,0.45,15,-0.36,0.06,40,158.3,5,94.2,3
3111910,0327C,0,CCR PAYWEIGHT 0327C,B,1/2 SM 1/2 AN,B,P,Homozygous Polled,81,0,639,0,1275,0,0,0,1284.0,106,3.52,104,0.31,163,11.72,92,11.8,0.70,60,0.7,0.85,55,87.9,0.81,10,123.4,0.79,35,6.1,0.45,65,10.9,0.38,99,54.8,0.48,75,14.8,0.39,50,13.3,0.72,30,61.3,0.72,2,0.14,0.54,99,0.24,0.69,65,0.006,0.61,99,0.28,0.68,99,0,0,0,125.4,55,79.2,45
3178338,310D,0,CDI PRIME EXAMPLE 310D,B,3/4 SM 1/8 AN 1/8 AR,R,P,Homozygous Polled,114,0,863,0,1613,0,40.3,0,1616.0,128,2.20,92,0.30,136,19.57,133,9.9,0.59,80,1.8,0.77,80,77.2,0.70,40,138.5,0.70,10,1.6,0.38,99,21.4,0.28,65,60.0,0.39,50,21.0,0.33,2,6.8,0.39,95,35.7,0.63,40,-0.48,0.47,2,0.17,0.56,80,-0.100,0.49,4,1.06,0.57,3,-0.15,0.68,99,145.1,20,79.9,40
3459901,950F,0,TJ WINDMILL 950F,B,1/2 SM 1/2 AN,B,P,Homozygous Polled,86,0,775,0,1232,0,0,0,1127.0,104,4.39,115,0.34,126,12.52,97,8.8,0.48,90,2.2,0.54,85,82.9,0.49,20,133.0,0.50,15,4.5,0.31,90,23.0,0.25,50,64.5,0.32,25,19.4,0.26,10,12.8,0.43,40,29.5,0.51,65,-0.09,0.40,90,0.56,0.45,15,-0.008,0.43,95,0.48,0.47,80,-0.20,0.04,99,148.5,15,85.4,20
2789756,302A,0,GTWY AUTHORITY 302A,B,1/2 SM 1/2 AN,B,P,Homozygous Polled,66,0,719,0,0,0,0,0,0,0,0,0,0,0,0,0,7.4,0.58,95,2.4,0.69,90,74.3,0.64,50,110.7,0.62,60,3.8,0.35,95,14.7,0.29,99,51.8,0.39,90,18.1,0.32,15,10.1,0.49,75,20.7,0.58,90,-0.25,0.44,45,0.37,0.52,35,-0.028,0.44,75,0.72,0.55,40,-0.39,0.17,25,129.1,50,74.4,65
3148116,294D,0,TJ DIPLOMAT 294D,B,1/2 SM 1/2 AN,B,P,Homozygous Polled,85,95,806,129,1320,117,0,0,1200.0,111,3.89,99,0.25,104,14.95,118,11.5,0.75,60,0.4,0.89,50,80.2,0.86,30,129.5,0.85,20,7.1,0.53,45,27.8,0.50,15,67.9,0.59,15,16.0,0.35,35,4.8,0.74,99,44.3,0.74,15,-0.06,0.55,95,0.62,0.70,10,0.002,0.63,99,0.67,0.69,50,-0.29,0.18,80,151.1,15,88.4,10
3317984,82E,0,NLC GEN TEN 82E,B,PB SM,B,P,Homozygous Polled,89,104,661,105,1177,107,0,0,1177.0,103,2.22,86,0.23,115,14.38,104,7.0,0.59,90,3.9,0.81,90,80.1,0.78,35,120.5,0.75,35,4.8,0.33,70,31.2,0.24,10,71.2,0.36,15,19.8,0.29,10,13.8,0.43,20,35.2,0.55,30,-0.33,0.40,90,0.39,0.52,10,-0.068,0.38,95,0.84,0.49,60,-0.34,0.18,50,142.9,20,82.7,25
2914313,4331B,0,3C PASQUE 4331B B,B,PB SM,B,P,Homozygous Polled,93,100,711,107,1413,114,38.3,0,1357.0,112,5.07,131,0.28,140,17.36,113,6.7,0.63,95,3.2,0.84,85,83.9,0.80,25,140.4,0.79,10,3.5,0.45,90,25.5,0.45,35,67.4,0.54,25,21.7,0.35,2,15.8,0.31,10,32.1,0.65,40,-0.31,0.46,95,0.41,0.56,10,-0.069,0.46,95,0.72,0.56,85,-0.16,0.19,99,153.2,10,86.7,15
(3572943),58Y,0,BAR R 58Y,B,PB KB,B,H,0,0,0,0,0,0,0,0,0,0,0,0,0,0,0,0,0,12.3,0.04,50,-1.3,0.03,20,35.0,0.03,99,47.8,0.03,99,6.6,0.02,55,16.2,0.00,95,33.7,0.01,99,4.2,0.00,99,8.3,0.00,90,42.6,0.14,20,-0.03,0.08,95,0.19,0.00,75,-0.039,0.00,65,0.21,0.13,99,0,0,0,102.7,95,61.8,99
2708199,712A,0,GW WOLFPACK 712A,B,5/8 SM 3/8 AN,B,P,Homozygous Polled,91,108,764,115,1401,116,0,0,1406.0,114,4.36,110,0.29,126,15.28,117,8.6,0.71,90,0.0,0.88,40,74.5,0.85,50,123.3,0.86,35,1.8,0.61,99,12.6,0.67,99,49.8,0.72,95,18.5,0.53,10,11.8,0.55,55,20.7,0.75,90,-0.32,0.56,25,0.63,0.70,10,-0.074,0.62,15,0.57,0.71,65,-0.37,0.18,35,153.2,10,85.1,20
2912279,4174B,0,GAMBLER 5-3,B,5/8 SM 3/8 AN,B,P,0,72,85,597,97,1091,96,37.6,0,1098.0,96,4.63,123,0.27,142,13.94,102,21.2,0.65,1,-7.0,0.77,1,66.8,0.71,80,94.8,0.71,90,12.5,0.39,1,22.7,0.31,50,56.1,0.42,70,22.6,0.31,1,25.0,0.56,1,7.5,0.71,99,-0.10,0.53,85,1.09,0.69,1,0.006,0.60,99,0.34,0.65,95,-0.43,0.18,15,207.8,1,100.7,1
3613881,G15,0,KLER PROMOTER G15,B,3/4 SM 1/4 AN,B,P,Homozygous Polled,81,0,877,0,0,0,0,0,0,0,0,0,0,0,0,0,9.6,0.42,85,1.6,0.47,75,96.2,0.46,2,158.5,0.46,1,5.0,0.23,80,23.1,0.14,45,71.1,0.23,10,13.2,0.26,70,16.4,0.35,10,48.1,0.48,10,-0.38,0.38,15,0.28,0.40,55,-0.071,0.41,15,1.12,0.45,2,-0.41,0.08,20,130.9,45,89.1,10
2735675,CLRS 878A,0,CLRS AUSTIN 878 A,B,3/4 SM 1/4 AN,B,P,Homozygous Polled,79,0,708,0,1299,0,0,0,1302.0,105,4.59,118,0.29,112,17.64,118,16.0,0.56,15,-1.4,0.65,20,69.0,0.64,70,107.7,0.63,70,7.3,0.39,45,34.5,0.37,1,68.9,0.46,15,28.4,0.39,1,12.3,0.49,45,18.8,0.62,90,-0.34,0.47,20,0.39,0.56,35,-0.061,0.50,25,0.71,0.58,40,-0.27,0.17,90,168.3,3,80.3,40
3256375,6784D,0,GIBBS 6784D STATELINE,B,5/8 SM 3/8 AN,B,P,Homozygous Polled,70,104,744,114,1212,112,0,0,1217.0,110,4.02,152,0.24,133,16.27,122,11.7,0.53,60,0.5,0.65,55,76.7,0.61,45,122.5,0.60,35,6.7,0.26,55,28.6,0.20,10,66.9,0.32,20,11.6,0.28,80,7.7,0.34,95,28.6,0.59,65,-0.29,0.45,35,0.60,0.54,10,-0.047,0.47,50,0.80,0.56,25,-0.24,0.20,95,140.4,30,86.7,15
3370568,7048E,0,BAR CK HERD BUILDER,B,5/8 SM 3/8 AN,R,P,0,66,92,597,96,995,97,35.8,0,0,0,0,0,0,0,0,0,22.5,0.51,1,-4.9,0.59,2,49.1,0.54,99,70.5,0.53,99,12.3,0.27,1,23.4,0.20,45,47.9,0.31,99,25.6,0.28,1,13.9,0.30,25,10.7,0.48,99,-0.39,0.37,10,0.67,0.42,5,-0.067,0.37,25,0.72,0.46,40,-0.44,0.05,10,183.8,1,78.7,45
2912192,4080B,0,BAR CK PEERLESS 4080B,B,1/2 SM 1/2 AN,B,P,Homozygous Polled,91,108,598,97,1303,114,37.3,0,1313.0,114,4.20,112,0.21,111,14.21,104,9.6,0.59,85,4.0,0.72,99,79.2,0.67,35,132.6,0.67,20,3.5,0.33,95,19.3,0.23,80,58.9,0.34,55,10.6,0.25,90,17.1,0.42,4,38.4,0.59,30,-0.12,0.45,80,0.78,0.53,3,-0.036,0.47,65,0.48,0.56,80,-0.44,0.17,10,140.7,25,86.9,15
3104991,5121C,0,GIBBS 5121C MOUNTAIN MAN,B,1/2 SM 1/2 AN,B,P,Homozygous Polled,85,0,776,0,1242,0,0,0,1246.0,109,2.92,103,0.24,133,13.50,100,7.6,0.53,95,3.7,0.62,99,82.6,0.59,25,135.6,0.58,15,5.2,0.31,80,27.6,0.27,15,68.9,0.37,15,14.1,0.28,60,15.9,0.38,10,26.5,0.63,75,-0.25,0.48,45,0.27,0.60,55,-0.066,0.53,25,0.50,0.58,80,-0.54,0.20,1,119.6,70,77.6,50
3498948,116F,0,EGL CINCHED 116F,B,1/2 SM 1/2 AN,B,P,Homozygous Polled,96,0,733,0,1284,0,0,0,1255.0,111,2.43,100,0.36,144,15.59,109,21.1,0.55,1,-3.7,0.63,4,72.0,0.61,60,114.6,0.59,50,10.3,0.34,10,32.4,0.26,2,68.3,0.35,15,14.3,0.27,55,14.6,0.46,20,40.0,0.54,30,-0.16,0.42,70,0.72,0.51,4,-0.006,0.44,95,0.84,0.51,20,-0.33,0.04,60,169.6,3,92.7,4
3210730,D950,0,IR OPPORTUNITY D950,B,5/8 SM 3/8 AN,B,P,Homozygous Polled,89,103,621,103,1188,106,36.3,0,1189.0,106,4.31,112,0.14,78,13.69,103,18.3,0.60,4,-2.6,0.75,10,76.2,0.71,45,121.4,0.70,35,11.4,0.35,3,30.2,0.28,5,68.3,0.39,15,22.9,0.32,1,23.3,0.33,1,32.6,0.57,50,-0.38,0.43,15,0.70,0.50,4,-0.062,0.42,25,1.01,0.53,5,-0.46,0.18,5,183.2,1,94.1,3
(3519060),8103F,0,BAR CK 1006X 8103F,B,1/2 SM 1/2 AN,B,P,0,81,113,632,102,1067,105,35.7,0,0,0,0,0,0,0,0,0,20.8,0.46,1,-4.4,0.49,2,60.5,0.47,95,86.8,0.48,99,12.0,0.28,2,24.0,0.22,40,54.2,0.31,80,23.5,0.32,1,11.8,0.34,55,5.7,0.48,99,-0.08,0.39,90,1.21,0.45,1,-0.006,0.41,95,0.17,0.46,99,-0.18,0.04,99,208.5,1,96.7,2
3485821,F843,0,ASR AMERICAN PATRIOT F843,B,PB SM,B,P,Homozygous Polled,81,98,771,111,1418,114,0,0,1421.0,111,4.50,137,0.25,114,14.49,104,10.8,0.56,50,0.8,0.67,30,94.9,0.62,4,151.2,0.60,2,8.2,0.31,15,21.5,0.22,65,68.9,0.34,20,22.6,0.29,1,14.1,0.37,15,49.7,0.52,3,-0.38,0.39,75,0.44,0.47,5,-0.053,0.39,99,1.30,0.49,2,-0.43,0.05,10,169.6,2,97.2,2
3563006,442G,0,LRS FALCON 442G,B,PB SM,B,P,Homozygous Polled,82,0,708,0,1361,0,42.3,0,1326.0,109,2.07,87,0.20,95,14.56,116,14.4,0.43,10,-0.3,0.47,15,95.1,0.49,3,154.6,0.49,1,8.5,0.24,10,26.5,0.18,25,74.0,0.27,10,23.8,0.27,1,17.3,0.36,2,44.2,0.48,10,-0.29,0.38,99,0.30,0.44,15,-0.039,0.38,99,1.06,0.46,15,-0.47,0.09,3,171.4,1,96.1,2
2910283,499B,0,MCDF NEW RIVER 499B,B,1/2 SM 1/2 AN,B,P,Homozygous Polled,76,88,707,110,1249,110,37.5,0,1253.0,112,2.65,110,0.11,85,13.83,105,19.5,0.66,2,-4.0,0.81,3,61.8,0.78,90,96.9,0.77,85,12.9,0.42,1,19.4,0.40,80,50.2,0.50,95,17.2,0.27,20,9.9,0.73,80,35.8,0.65,40,-0.28,0.47,35,0.35,0.61,40,-0.079,0.48,15,0.61,0.59,60,-0.33,0.17,60,149.5,15,76.6,55
3169708,D001,840003136500790,KBHR/TBEF DELUXE D001,B,1/2 SM 1/2 AN,B,P,Homozygous Polled,93,105,803,110,1547,116,45.3,0,1560.0,116,3.27,143,0.30,130,16.34,103,6.5,0.60,99,5.0,0.77,99,103.9,0.72,1,177.4,0.67,1,5.6,0.39,75,22.6,0.31,50,74.4,0.42,3,13.5,0.30,65,23.7,0.67,1,59.6,0.69,2,-0.03,0.52,95,0.90,0.67,1,-0.016,0.59,90,0.60,0.65,60,0,0,0,158.1,10,103.4,1
3093586,493D,0,GW SPECIAL AGENT 493D,B,1/2 SM 1/2 AN,B,P,Homozygous Polled,95,105,774,106,1331,104,0,0,1348.0,101,4.31,118,0.33,132,14.19,102,5.6,0.60,99,4.8,0.76,99,90.0,0.70,10,136.7,0.67,15,2.4,0.33,99,21.6,0.20,60,66.5,0.33,20,10.1,0.26,90,10.2,0.33,75,46.6,0.55,15,-0.06,0.41,95,0.55,0.45,15,-0.019,0.40,90,0.52,0.50,75,-0.38,0.18,30,121.8,65,84.9,20
3423917,F839,840003199851729,BRIDLE BIT BEST MAN F839,B,PB SM,R,P,Homozygous Polled,73,86,602,90,1105,98,0,0,1108.0,98,3.97,96,0.24,100,13.34,93,12.0,0.59,35,-0.1,0.73,20,66.6,0.67,90,106.9,0.65,70,6.1,0.29,45,17.5,0.23,95,50.7,0.35,99,17.5,0.29,35,8.4,0.47,85,29.2,0.53,50,-0.32,0.39,95,0.09,0.51,60,-0.071,0.35,80,0.70,0.49,90,-0.42,0.05,15,131.6,40,71.9,75
2891336,503B,0,TJ MAIN EVENT 503B,B,1/2 SM 1/2 AN,B,P,Homozygous Polled,82,0,806,0,1301,0,0,0,1153.0,101,4.19,117,0.20,105,14.46,105,12.6,0.79,45,0.3,0.94,50,94.1,0.92,3,142.8,0.91,10,5.6,0.70,75,30.4,0.71,4,77.4,0.76,1,15.2,0.51,45,13.5,0.85,30,51.7,0.81,5,-0.38,0.59,15,0.18,0.78,75,-0.086,0.68,10,1.04,0.77,4,-0.28,0.16,85,132.8,40,87.5,15
2968336,4340B,0,GIBBS 4340B NIGHTHAWK,B,5/8 SM 3/8 AN,B,P,Homozygous Polled,85,105,774,111,1128,108,0,0,1136.0,105,2.19,81,0.12,120,16.84,127,8.7,0.61,90,3.2,0.77,95,91.8,0.74,5,144.5,0.73,5,2.0,0.38,99,13.0,0.39,99,58.9,0.49,55,15.3,0.31,45,13.9,0.52,25,46.2,0.68,15,-0.08,0.52,90,0.68,0.66,5,0.001,0.59,99,0.73,0.65,35,-0.35,0.20,50,148.5,15,91.6,5
3009999,41C,0,RHF-SFG 0053Z 427Z 41C,B,5/8 SM 3/8 AN,B,P,Homozygous Polled,94,113,639,101,1038,96,37.9,0,1044.0,94,4.93,122,0.18,113,12.93,91,14.6,0.59,25,-1.5,0.78,20,55.0,0.69,99,87.3,0.69,95,8.0,0.38,30,18.0,0.29,90,45.4,0.40,99,15.8,0.27,40,17.0,0.39,4,19.9,0.63,90,-0.12,0.49,80,0.76,0.63,3,0.008,0.54,99,0.57,0.61,65,-0.31,0.18,70,154.8,10,78.3,45
2942929,B16,0,IR FULLY LOADED B16,B,1/2 SM 1/2 AN,B,P,Homozygous Polled,72,0,592,0,960,0,31.3,0,829.0,96,3.18,102,0.13,87,10.30,100,17.7,0.66,5,-3.9,0.82,3,57.2,0.77,99,89.2,0.75,95,10.8,0.46,4,27.2,0.42,15,55.8,0.51,75,15.4,0.35,45,9.0,0.57,85,14.2,0.66,99,-0.01,0.50,99,0.53,0.65,15,0.024,0.54,99,0.31,0.63,95,-0.12,0.20,99,149.8,15,77.4,50
3009940,71C,0,REDHILL MUSKOKA 71C,B,3/4 SM 1/8 AN 1/8 HP,R,P,Homozygous Polled,88,106,630,114,1187,110,34.7,0,1191.0,108,5.02,127,0.16,89,15.41,110,13.6,0.57,35,0.1,0.71,45,76.1,0.67,45,117.4,0.68,45,8.0,0.37,30,17.8,0.33,90,55.8,0.43,75,15.7,0.35,40,13.1,0.45,35,28.4,0.58,65,-0.41,0.42,10,0.36,0.51,40,-0.082,0.41,10,0.90,0.54,15,-0.34,0.18,55,138.7,30,80.4,35
2720494,9349Z,0,CCR SANTA FE 9349Z,B,3/4 SM 1/4 AN,B,P,Homozygous Polled,85,0,842,0,1272,0,0,0,1275.0,114,2.49,96,0.17,142,13.37,105,9.3,0.78,85,0.8,0.91,60,82.5,0.88,25,119.9,0.87,40,7.9,0.69,35,11.8,0.73,99,53.0,0.78,85,17.2,0.57,20,7.5,0.56,95,23.6,0.76,80,-0.30,0.56,30,0.02,0.72,99,-0.040,0.61,65,0.82,0.72,25,-0.44,0.17,10,126.1,55,76.8,55
3312276,E283,840003142544867,KBHR HIGH ROAD E283,B,PB SM,B,P,Homozygous Polled,94,0,792,0,1513,0,0,0,1455.0,100,3.07,100,0.26,100,18.17,100,14.8,0.72,10,-1.3,0.86,10,100.4,0.83,1,154.4,0.82,1,10.6,0.37,2,30.6,0.31,10,80.8,0.42,1,17.0,0.32,40,14.7,0.50,15,55.6,0.64,1,-0.42,0.48,55,0.62,0.59,1,-0.049,0.50,99,1.51,0.60,1,-0.37,0.09,35,178.5,1,108.8,1
3459048,388F,0,TJ HEISMAN 388F,B,PB SM,B,P,Homozygous Polled,87,99,812,117,1315,115,0,0,1184.0,106,4.91,131,0.22,81,13.15,101,7.3,0.64,90,2.1,0.77,60,93.7,0.74,4,142.7,0.72,5,4.1,0.33,80,30.7,0.14,10,77.5,0.28,2,21.9,0.32,2,13.9,0.44,20,38.4,0.60,20,-0.23,0.43,99,0.57,0.48,2,-0.055,0.43,99,0.68,0.53,90,-0.46,0.06,4,165.6,2,97.2,2
2735656,CLRS 604A,0,CLRS AFTER SHOCK 604 A,B,PB SM,B,P,Homozygous Polled,82,95,758,110,1356,108,0,0,1357.0,106,3.45,103,0.25,100,15.71,105,13.2,0.76,20,0.6,0.90,30,86.2,0.88,20,126.9,0.87,25,3.8,0.67,85,11.5,0.68,99,54.6,0.74,85,14.0,0.58,80,15.2,0.41,10,44.9,0.73,10,-0.28,0.55,99,0.15,0.69,40,-0.077,0.60,80,0.75,0.71,80,-0.42,0.17,15,134.1,35,83.1,25
3403352,40F,840003200620522,HOOK`S FRONTLINE 40F,B,PB SM,B,P,Homozygous Polled,83,94,639,95,1358,104,39.1,0,1363.0,103,4.35,107,0.37,109,15.31,106,14.2,0.59,15,-1.3,0.79,10,74.0,0.75,60,112.3,0.72,55,7.5,0.30,20,26.0,0.21,30,63.0,0.34,45,19.6,0.29,15,14.0,0.40,20,23.9,0.51,75,-0.42,0.42,55,0.43,0.49,5,-0.070,0.42,95,0.97,0.53,30,-0.45,0.10,5,161.6,3,87.5,15
3582577,274G,0,TJ GOLD 274G,B,PB SM,B,P,Homozygous Polled,80,0,843,0,1278,0,37.1,0,0,0,0,0,0,0,0,0,15.0,0.43,10,-1.0,0.45,10,91.8,0.44,10,144.7,0.44,4,8.5,0.24,10,28.5,0.17,15,74.3,0.26,5,18.7,0.28,20,16.2,0.35,5,34.6,0.47,30,-0.25,0.37,99,0.41,0.43,10,-0.043,0.37,99,0.77,0.47,75,-0.48,0.05,2,166.6,2,97.3,2
3555669,JC403G,0,JC MR TALON 403G,B,5/8 SM 3/8 AN,B,P,Homozygous Polled,76,87,704,101,1115,96,0,0,1119.0,94,2.55,107,0.18,95,14.09,108,20.5,0.46,1,-5.2,0.50,1,76.6,0.48,45,121.2,0.49,35,12.7,0.25,1,25.1,0.17,30,63.3,0.27,30,20.0,0.27,4,17.8,0.34,2,22.3,0.50,85,-0.28,0.38,35,0.37,0.45,35,-0.030,0.37,75,0.81,0.47,25,-0.56,0.07,1,165.8,3,88.2,10
3611850,528G,0,TJ RRR XCEPTIONAL 528G,B,1/2 SM 1/2 AN,B,P,Homozygous Polled,86,97,840,124,1402,119,38.3,0,0,0,0,0,0,0,0,0,13.9,0.43,30,-1.9,0.47,15,86.5,0.46,15,143.3,0.46,10,10.0,0.23,10,32.6,0.16,2,75.8,0.26,2,19.3,0.25,10,14.1,0.34,25,45.4,0.47,15,-0.03,0.37,95,0.86,0.40,2,-0.005,0.38,95,0.51,0.44,75,-0.27,0.05,90,181.2,1,102.0,1
2910249,487B,0,MCDF BRIGADIER 487B,B,PB SM,B,P,Homozygous Polled,102,118,687,115,1301,117,37.4,0,1298.0,119,2.91,112,0.15,107,13.71,113,2.2,0.58,99,7.3,0.71,99,101.3,0.68,1,166.9,0.68,1,0.2,0.38,99,31.8,0.35,5,82.4,0.45,1,20.8,0.33,4,12.0,0.41,40,54.7,0.61,1,-0.43,0.46,50,0.46,0.57,4,-0.098,0.46,40,1.15,0.57,10,-0.40,0.17,20,148.6,15,93.8,3
3116712,6462D,0,6462D,B,5/8 SM 3/8 AN,B,P,Homozygous Polled,84,101,655,103,1261,109,0,0,1186.0,107,2.85,104,0.17,89,16.21,111,13.1,0.49,40,1.3,0.57,70,79.3,0.55,35,124.4,0.55,30,6.1,0.28,65,25.1,0.22,30,64.7,0.32,25,22.3,0.30,1,13.4,0.37,30,31.6,0.54,55,-0.29,0.42,35,0.24,0.48,65,-0.062,0.46,25,0.72,0.49,40,-0.48,0.19,3,143.5,25,78.2,45
3288497,366E,0,TJ ROOSEVELT 366E,B,PB SM,B,P,Homozygous Polled,85,94,820,127,1249,118,0,0,1123.0,107,3.55,106,0.19,100,12.17,99,7.9,0.63,85,2.8,0.81,75,93.1,0.78,5,133.7,0.74,15,4.8,0.37,70,33.1,0.25,3,79.6,0.37,1,20.9,0.39,4,16.1,0.42,5,35.1,0.62,30,-0.33,0.46,90,0.28,0.56,20,-0.053,0.48,99,0.95,0.55,35,-0.47,0.18,3,146.4,15,89.2,10
3459734,783F,0,TJ TEARDROP 783F,B,3/4 SM 1/4 AN,B,P,Homozygous Polled,87,0,863,0,1291,0,0,0,1144.0,106,3.12,81,0.24,89,12.63,97,17.4,0.64,10,-1.8,0.82,15,87.4,0.78,15,133.0,0.75,15,7.6,0.37,40,37.9,0.28,1,81.6,0.39,1,20.6,0.32,3,13.7,0.51,25,47.9,0.56,10,-0.28,0.43,35,0.09,0.49,90,-0.068,0.41,25,0.84,0.58,20,-0.31,0.08,70,145.3,20,84.5,20
3303671,E7209,0,ASR STRONG ARM E7209,B,PB SM,B,P,Homozygous Polled,92,0,695,0,1160,0,0,0,1160.0,106,2.63,92,0.17,121,12.92,97,12.3,0.52,30,1.9,0.59,55,85.5,0.55,20,129.2,0.53,20,6.2,0.33,45,22.2,0.27,60,64.9,0.35,35,20.5,0.35,10,13.9,0.30,20,27.7,0.55,60,-0.36,0.43,85,0.27,0.48,20,-0.076,0.47,80,0.76,0.52,80,-0.51,0.20,1,150.5,10,85.6,15
3022434,452C,0,TJ DARKHORSE 452C,B,1/2 SM 1/2 AN,B,P,Homozygous Polled,72,80,729,112,1164,110,0,0,1067.0,98,4.17,114,0.30,150,14.36,111,17.8,0.69,5,-5.1,0.83,2,62.6,0.80,90,93.9,0.80,90,10.5,0.50,5,16.8,0.48,95,48.1,0.57,99,19.7,0.33,5,10.3,0.53,75,28.2,0.66,70,0.00,0.48,99,0.39,0.62,35,0.022,0.49,99,0.44,0.60,85,-0.29,0.18,80,154.4,10,77.4,50
3132748,13D,0,HOOK`S DROVER 13D,B,1/2 SM 1/2 AN,B,P,Homozygous Polled,76,89,670,104,1425,112,39.7,0,1430.0,111,3.82,96,0.43,154,14.40,103,15.1,0.55,20,-1.6,0.66,20,76.9,0.65,40,125.0,0.64,30,10.8,0.33,4,21.6,0.25,60,60.0,0.36,50,14.2,0.34,55,7.1,0.42,95,53.8,0.66,4,0.09,0.51,99,0.18,0.63,75,0.030,0.56,99,0.54,0.62,75,0.06,0.20,99,129.0,50,76.9,55
3405714,401F,0,LRS BADLANDS 401F,B,3/4 SM 1/4 AN,B,P,Homozygous Polled,86,100,775,111,1348,111,41.3,0,1353.0,107,3.02,124,0.27,117,13.97,105,10.8,0.52,70,0.1,0.67,45,83.3,0.63,20,114.6,0.62,50,7.2,0.30,45,27.3,0.20,15,68.9,0.31,15,13.8,0.26,60,15.4,0.49,15,18.4,0.52,90,-0.42,0.40,10,0.44,0.50,25,-0.091,0.40,4,0.70,0.50,45,-0.29,0.05,80,135.3,35,86.1,15
3239491,D60,0,DFF SWEETWATER NS D60,B,1/2 SM 1/2 AN,B,P,Homozygous Polled,76,102,806,104,1311,105,33.7,0,1320.0,105,5.33,113,0.42,140,14.18,108,11.4,0.58,65,1.3,0.70,70,97.3,0.65,2,152.2,0.61,3,8.3,0.34,25,30.9,0.22,3,79.5,0.33,1,17.8,0.33,15,15.6,0.48,10,35.5,0.60,40,0.07,0.47,99,0.60,0.55,10,0.011,0.53,99,0.23,0.57,99,0,0,0,157.3,10,96.6,2
3104364,5381C,0,BGIBBS 5381C AJAX,B,5/8 SM 3/8 AN,B,P,Homozygous Polled,79,111,782,110,1354,117,0,0,1360.0,117,4.80,155,0.22,116,16.52,117,5.6,0.56,99,3.3,0.77,95,78.6,0.74,35,120.2,0.74,40,1.7,0.32,99,25.3,0.21,30,64.6,0.34,25,16.3,0.24,30,15.8,0.47,10,34.4,0.62,45,-0.24,0.48,45,0.71,0.60,4,-0.058,0.51,35,0.61,0.61,60,-0.37,0.18,35,142.4,25,85.2,20
2854180,56B,0,HOOK`S BEACON 56B,B,PB SM,B,P,Homozygous Polled,82,94,756,109,1397,108,0,0,1401.0,108,6.44,123,0.31,107,16.48,115,16.8,0.87,3,-3.4,0.95,1,79.7,0.94,40,121.1,0.93,35,12.1,0.80,1,27.2,0.81,25,67.0,0.85,25,22.4,0.57,1,12.5,0.37,35,42.8,0.81,10,-0.53,0.60,10,0.74,0.78,1,-0.031,0.73,99,1.83,0.79,1,-0.46,0.20,4,194.4,1,102.1,1
2722999,2698Z,0,GIBBS 2698Z BIG JOHN,B,PB SM,B,P,Homozygous Polled,72,93,766,119,1167,113,0,0,1131.0,107,2.99,131,0.11,122,13.26,108,9.3,0.59,70,2.7,0.76,75,77.6,0.73,45,122.1,0.69,30,4.2,0.41,80,17.0,0.43,95,55.8,0.52,80,13.2,0.37,85,12.4,0.33,35,38.5,0.63,20,-0.42,0.47,55,0.12,0.54,50,-0.083,0.46,60,1.06,0.60,15,-0.37,0.17,35,120.6,70,75.8,55
3618723,G104,840003206953109,KBHR ALL AMERICAN G104,B,PB SM,R,P,Homozygous Polled,91,0,883,0,1397,0,0,0,1292.0,107,2.37,78,0.16,73,16.95,112,13.0,0.43,20,1.5,0.48,45,104.3,0.50,1,156.9,0.50,1,7.3,0.28,25,23.9,0.25,45,76.0,0.33,4,12.7,0.30,90,15.9,0.36,10,45.7,0.51,10,-0.57,0.40,2,0.32,0.48,15,-0.115,0.43,10,1.35,0.49,1,-0.33,0.04,55,148.4,15,100.1,1
3295296,312E,0,GW VINDICATOR 312E,B,5/8 SM 3/8 AN,B,P,Homozygous Polled,77,0,688,0,1196,0,0,0,1203.0,100,5.09,100,0.21,100,14.55,100,17.1,0.56,10,-2.9,0.71,10,69.9,0.67,70,116.9,0.67,45,9.6,0.29,15,26.9,0.17,20,61.8,0.30,40,16.5,0.30,30,11.8,0.31,55,39.2,0.57,30,-0.32,0.45,25,1.34,0.53,1,-0.078,0.50,15,0.79,0.53,25,-0.55,0.18,1,202.4,1,106.1,1
2912227,4118B,0,BAR CK NO EQUAL 4118B,B,1/2 SM 1/2 AN,B,P,Homozygous Polled,75,89,590,96,1192,105,40.5,0,1200.0,104,5.87,156,0.45,237,11.90,87,21.1,0.70,1,-5.4,0.84,1,67.8,0.80,75,109.0,0.81,65,9.9,0.50,10,17.8,0.52,90,51.6,0.59,90,23.2,0.36,1,14.6,0.59,20,3.5,0.73,99,-0.05,0.55,95,1.00,0.68,1,0.005,0.62,99,0.14,0.70,99,0,0,0,203.5,1,97.1,2
3102045,437C,0,RC BILLBOARD NS 437C,B,1/2 SM 1/2 AN,B,P,Homozygous Polled,77,0,704,0,1153,0,0,0,1153.0,108,3.85,114,0.33,165,13.83,101,21.2,0.59,1,-5.3,0.69,1,57.9,0.63,95,98.8,0.60,85,11.0,0.34,4,14.9,0.24,99,43.8,0.35,99,15.1,0.32,45,8.9,0.48,90,15.3,0.59,95,0.04,0.46,99,0.50,0.58,20,0.011,0.49,99,0.03,0.57,99,-0.29,0.20,80,156.6,10,78.3,45
3582543,259G,0,TJ FLAT IRON 259G,B,1/2 SM 1/2 AN,B,P,Homozygous Polled,87,0,778,0,1363,0,38.8,0,0,0,0,0,0,0,0,0,20.3,0.44,1,-2.9,0.47,10,63.9,0.46,90,112.2,0.46,60,12.5,0.29,1,37.9,0.23,1,69.8,0.30,10,17.0,0.28,25,9.0,0.46,85,26.2,0.50,75,-0.03,0.40,95,0.66,0.47,10,0.004,0.44,99,0.35,0.48,95,-0.33,0.04,60,167.1,3,85.9,20
3655913,48G,840003210707069,EGL GLACIER 48G,B,1/2 SM 1/2 AN,B,P,Homozygous Polled,74,0,640,0,1236,0,36.9,0,1226.0,98,5.20,144,0.34,94,16.00,117,18.4,0.43,3,-2.6,0.46,10,72.4,0.49,60,105.6,0.50,70,9.2,0.26,15,33.9,0.20,1,70.0,0.28,10,12.9,0.26,70,13.4,0.43,30,41.9,0.50,25,-0.37,0.39,15,0.70,0.46,4,-0.040,0.40,65,1.27,0.48,1,0,0,0,159.8,10,91.5,5
3163401,063D,0,RC XCEED 063D,B,1/2 SM 1/2 AN,B,P,Homozygous Polled,87,104,636,108,1303,111,0,0,1312.0,109,4.56,143,0.31,129,13.74,101,13.4,0.69,35,-1.9,0.81,15,75.8,0.78,45,133.0,0.76,15,9.3,0.40,15,25.8,0.35,25,63.6,0.46,30,15.3,0.33,45,14.1,0.51,25,50.5,0.66,10,0.13,0.51,99,1.29,0.64,1,0.004,0.55,99,0.15,0.63,99,-0.27,0.16,90,191.8,1,105.0,1
3312184,E190,840003142544774,KBHR WENTZ E190,B,1/2 SM 1/2 AN,B,P,Homozygous Polled,86,96,783,107,1583,113,0,0,1498.0,106,4.06,152,0.29,100,16.63,102,13.1,0.64,40,2.2,0.83,85,104.2,0.81,1,158.0,0.79,1,6.3,0.38,60,24.0,0.29,40,76.0,0.41,2,12.2,0.32,75,15.3,0.65,15,47.7,0.62,10,-0.16,0.47,70,0.01,0.57,99,-0.030,0.48,75,0.76,0.60,30,0,0,0,117.3,75,85.3,20
3253795,65E,840003144985015,HOOK`S ENCORE 65E,B,PB SM,B,P,Homozygous Polled,82,94,731,101,1282,98,39.7,0,1287.0,98,4.47,107,0.27,93,16.59,112,13.4,0.73,20,-0.6,0.85,15,78.3,0.82,45,115.5,0.81,45,10.3,0.41,2,24.7,0.24,40,63.8,0.37,40,17.1,0.37,40,15.1,0.52,10,20.4,0.69,85,-0.55,0.50,4,0.74,0.57,1,-0.062,0.52,95,1.38,0.64,1,-0.49,0.21,2,173.2,1,97.1,2
2978190,160C,0,NLC COW BOSS 160C,B,5/8 SM 3/8 AN,B,P,Homozygous Polled,76,87,592,102,1120,108,0,0,1104.0,104,2.58,113,0.16,94,16.82,116,17.0,0.69,10,-2.1,0.88,15,75.7,0.84,45,102.4,0.83,80,8.5,0.50,25,14.1,0.52,99,51.9,0.61,90,21.9,0.32,1,12.2,0.37,45,7.8,0.64,99,-0.21,0.49,55,0.44,0.61,25,-0.025,0.53,75,0.46,0.61,85,-0.43,0.18,15,159.3,10,82.8,30
3080731,01C,0,EAGLE PASS CONVERSION,B,3/8 SM 5/8 AN,B,P,Homozygous Polled,69,0,616,0,1238,0,38.7,0,1209.0,94,4.27,100,0.27,108,17.16,114,18.2,0.68,4,-2.5,0.82,10,83.2,0.79,20,128.5,0.79,25,12.7,0.47,1,29.0,0.42,10,70.5,0.52,10,15.4,0.35,45,14.7,0.66,20,43.3,0.70,20,-0.06,0.52,95,0.64,0.66,10,-0.007,0.56,95,0.57,0.67,65,-0.52,0.18,1,162.1,5,93.7,3
3403314,2F,840003200620515,HOOK`S FLINT 2F,B,3/4 SM 1/4 AN,B,P,Homozygous Polled,62,70,608,90,1181,91,34.0,0,1189.0,90,6.04,149,0.37,109,15.01,104,19.2,0.52,2,-7.0,0.57,1,56.6,0.52,99,81.7,0.52,99,12.7,0.33,1,23.3,0.28,45,51.5,0.36,90,18.4,0.35,15,11.6,0.33,55,26.1,0.52,75,-0.32,0.42,25,0.75,0.50,3,-0.008,0.46,95,1.15,0.51,2,-0.38,0.09,30,175.8,2,87.2,15
2976529,JC102C,0,JC ENGINEER 102C,B,PB SM,B,P,Homozygous Polled,66,74,716,95,1318,102,0,0,1307.0,102,2.34,92,0.26,104,16.91,112,18.3,0.72,1,-3.6,0.84,1,72.2,0.80,70,120.6,0.79,35,13.1,0.45,1,23.6,0.38,50,59.7,0.48,60,17.4,0.35,35,9.1,0.46,80,40.7,0.70,15,-0.41,0.53,60,0.14,0.62,45,-0.082,0.60,60,1.03,0.65,20,-0.54,0.19,1,152.6,10,83.0,25
3374442,E3,0,WLE SMITH MULTITASK E3,B,PB SM,B,P,Homozygous Polled,79,0,740,0,1218,0,0,0,0,0,0,0,0,0,0,0,15.2,0.52,10,-1.3,0.60,10,66.4,0.55,90,91.3,0.52,95,5.8,0.28,50,19.0,0.18,85,52.2,0.28,95,16.8,0.29,45,11.5,0.32,50,11.7,0.51,99,-0.46,0.40,35,0.21,0.46,30,-0.084,0.40,60,0.80,0.49,70,-0.40,0.08,20,140.7,25,76.3,50
3568976,8035F,0,GIBBS 8035F XCITE,B,5/8 SM 3/8 AN,B,P,Homozygous Polled,63,91,740,106,1156,95,0,0,0,0,0,0,0,0,0,0,13.5,0.41,35,-1.2,0.46,25,79.0,0.45,35,123.6,0.46,35,8.4,0.22,25,26.2,0.14,20,65.6,0.24,25,19.7,0.23,5,12.4,0.34,45,32.5,0.46,55,-0.08,0.37,90,0.86,0.41,2,0.000,0.38,99,0.55,0.45,70,-0.32,0.05,65,175.5,2,95.4,2
3256504,6155D,0,GIBBS 6155D SUPER DUTY,B,1/2 SM 1/2 AN,B,P,Homozygous Polled,54,69,691,102,1225,103,0,0,1233.0,104,3.16,118,0.18,100,13.90,102,18.9,0.59,3,-2.4,0.71,10,74.6,0.69,50,117.3,0.70,45,12.8,0.32,1,29.5,0.23,10,66.8,0.36,20,17.1,0.28,25,16.1,0.42,10,48.3,0.64,10,-0.05,0.48,95,0.42,0.61,30,-0.004,0.52,95,0.64,0.60,55,-0.35,0.18,50,153.8,10,84.2,25
3405618,902F,0,LRS TOPSHELF 902F,B,1/2 SM 1/2 AN,B,P,Homozygous Polled,80,0,778,0,1464,0,38.5,0,1471.0,107,2.55,106,0.19,106,16.03,108,15.7,0.51,15,0.6,0.60,55,89.3,0.55,10,140.5,0.53,10,10.5,0.31,5,17.6,0.25,90,62.2,0.33,40,15.9,0.28,35,11.0,0.45,65,51.8,0.49,5,-0.10,0.40,85,0.47,0.46,20,-0.025,0.43,75,0.65,0.49,50,-0.17,0.04,99,150.9,15,89.4,10
3026655,6018C,0,CCR ABILENE 6018C,B,3/4 SM 1/4 AN,B,P,Homozygous Polled,92,0,874,0,1548,0,0,0,1552.0,111,4.82,126,0.28,100,15.44,110,9.4,0.65,85,3.4,0.86,95,90.4,0.84,10,143.8,0.83,10,7.4,0.52,40,16.4,0.52,95,61.6,0.60,40,17.4,0.38,20,7.8,0.57,95,34.1,0.74,45,-0.33,0.56,20,0.84,0.72,2,-0.053,0.66,35,0.94,0.70,10,-0.38,0.20,30,162.7,4,96.1,2
3303694,E7215,0,ASR BLACK NOMAD E7215,B,PB SM,B,P,Homozygous Polled,102,0,651,0,1236,0,0,0,1237.0,113,4.13,144,0.15,107,14.52,110,13.2,0.51,20,0.2,0.61,25,70.2,0.60,75,105.0,0.58,70,5.9,0.29,50,20.6,0.22,75,55.6,0.34,80,20.7,0.30,5,8.3,0.32,85,29.3,0.54,50,-0.45,0.42,40,0.24,0.52,25,-0.086,0.45,60,0.98,0.52,30,-0.28,0.20,85,147.8,15,77.9,45
3164369,7596D,0,SCHIEFELBEIN GRIZZLY 7596,B,1/2 SM 1/2 AN,B,P,Homozygous Polled,92,0,813,0,0,0,0,0,1474.0,106,2.88,96,0.49,158,17.58,106,6.4,0.57,99,2.1,0.63,85,78.6,0.59,35,130.2,0.57,20,5.4,0.36,75,18.6,0.29,85,57.9,0.37,60,17.5,0.32,20,14.2,0.47,20,23.1,0.55,85,-0.15,0.43,75,0.02,0.51,99,-0.013,0.45,90,0.57,0.53,65,-0.28,0.18,85,111.7,85,69.2,85
3313620,E532,0,SAS BITTEN E532,B,PB SM,B,P,Homozygous Polled,78,86,841,113,0,0,0,0,1282.0,110,3.53,104,0.30,125,15.96,114,10.4,0.56,55,3.5,0.66,90,84.2,0.63,25,127.0,0.62,25,5.9,0.29,50,38.5,0.24,1,80.5,0.36,1,16.4,0.33,50,12.8,0.39,30,14.0,0.62,99,-0.41,0.48,60,0.19,0.59,35,-0.098,0.51,40,0.59,0.59,99,-0.36,0.05,40,132.7,40,82.6,25
3499731,F151,840003150639935,KBHR CIMARRON F151,B,PB SM,B,P,Homozygous Polled,76,0,634,0,1313,0,0,0,1197.0,102,2.93,95,0.17,89,15.69,99,15.9,0.53,4,-4.9,0.61,1,64.6,0.57,95,96.7,0.58,90,11.7,0.34,1,26.9,0.29,25,59.2,0.37,65,22.8,0.32,1,14.4,0.34,15,30.7,0.56,45,-0.34,0.44,90,0.95,0.49,1,-0.026,0.48,99,1.13,0.53,10,-0.39,0.05,25,201.1,1,99.0,1
3404807,7382E,0,GIBBS 7382E BROAD RANGE,B,PB SM,B,P,Homozygous Polled,67,87,840,117,1215,113,0,0,1216.0,109,4.24,150,0.26,144,14.83,108,14.5,0.61,10,-0.9,0.78,10,94.8,0.74,4,152.9,0.71,2,9.6,0.33,4,20.7,0.29,75,68.1,0.40,20,17.8,0.32,30,13.9,0.47,20,38.8,0.61,20,-0.33,0.47,90,0.34,0.57,15,-0.031,0.51,99,1.18,0.58,5,-0.43,0.08,10,162.5,3,97.0,2
3569025,8084F,0,GIBBS 8084F RANGE FINDER,B,PB SM,B,P,Homozygous Polled,77,0,587,0,1279,0,0,0,0,0,0,0,0,0,0,0,12.6,0.44,25,1.9,0.49,55,90.3,0.50,10,153.0,0.51,2,8.4,0.28,15,20.7,0.24,75,65.8,0.32,30,17.3,0.31,35,13.4,0.36,25,48.9,0.50,3,-0.41,0.40,60,0.14,0.47,45,-0.052,0.44,99,1.38,0.48,1,-0.43,0.08,10,143.2,20,86.6,15
2722668,2905Z,0,GIBBS 2905Z MR CLEAN,B,1/2 SM 1/2 AN,B,P,Homozygous Polled,70,105,717,100,1094,99,0,0,1075.0,98,4.62,156,0.14,108,14.12,107,9.4,0.58,85,1.0,0.74,65,75.0,0.72,50,117.7,0.71,45,3.9,0.32,95,22.8,0.24,50,60.2,0.35,50,20.6,0.27,3,10.9,0.47,65,26.6,0.66,75,-0.07,0.50,90,0.61,0.64,10,0.002,0.56,99,0.47,0.62,85,-0.26,0.16,90,153.1,10,83.3,25
3133113,685D,0,KOCH BIG TIMBER 685D,B,PB SM,B,P,Homozygous Polled,88,99,740,103,1257,103,0,0,1275.0,103,4.54,137,0.32,133,15.53,110,16.3,0.83,3,-4.3,0.93,1,76.4,0.91,50,114.0,0.89,50,7.9,0.56,15,32.0,0.49,5,70.2,0.58,15,17.7,0.34,30,8.3,0.52,85,30.2,0.74,50,-0.19,0.56,99,0.35,0.68,10,-0.042,0.59,99,0.55,0.74,99,-0.47,0.21,3,160.6,4,90.0,10
2770705,107A,0,JBS MR FORCE 107A,B,PB SM,B,P,Homozygous Polled,92,98,720,108,0,0,0,0,1421.0,109,3.40,90,0.32,107,16.43,114,10.6,0.68,55,1.7,0.81,50,76.5,0.77,50,114.1,0.75,50,5.7,0.47,50,38.1,0.56,1,76.3,0.64,3,19.0,0.44,20,8.5,0.35,85,27.5,0.67,60,-0.57,0.50,2,0.25,0.61,20,-0.081,0.55,60,1.37,0.62,1,-0.48,0.22,2,142.3,20,82.2,25
3502250,6184,0,MILL BRAE COMRADE 6184,B,PB AN,B,P,Homozygous Polled,0,0,0,0,0,0,0,0,0,0,0,0,0,0,0,0,16.5,0.44,10,-1.7,0.49,15,68.3,0.47,75,115.9,0.47,50,6.5,0.29,60,19.1,0.21,80,53.3,0.28,85,11.4,0.14,85,13.8,0.37,25,35.4,0.46,40,0.13,0.34,99,0.62,0.28,10,0.037,0.28,99,0.24,0.44,99,-0.13,0.02,99,132.6,40,75.0,60
3382993,1424E,0,SOUTHERN FORTUNE TELLER,B,1/2 SM 1/2 AN,B,P,Homozygous Polled,64,88,715,100,0,0,0,0,1057.0,100,4.97,100,0.35,100,12.97,100,14.6,0.58,25,-2.7,0.75,10,84.2,0.70,20,136.9,0.67,15,4.9,0.31,85,15.2,0.23,99,57.2,0.35,65,15.2,0.36,45,15.6,0.34,10,52.4,0.55,5,0.00,0.41,99,0.84,0.41,2,0.005,0.40,99,0.60,0.52,60,-0.38,0.04,30,172.3,2,98.9,1
3025430,CA11-2,0,ES LOADOUT CA11-2,B,PB SM,B,P,Homozygous Polled,93,0,670,0,1278,0,38.7,0,1216.0,105,3.48,112,0.16,70,15.47,102,8.5,0.56,80,2.0,0.64,60,77.1,0.60,50,114.1,0.58,50,4.7,0.34,70,20.2,0.24,80,58.7,0.34,65,14.3,0.33,75,13.0,0.36,25,60.1,0.60,1,-0.68,0.47,1,-0.27,0.53,99,-0.146,0.52,1,1.63,0.58,1,-0.39,0.20,25,101.2,99,67.4,90
3210738,D948,0,IR IMPERIAL D948,B,PB SM,R,P,Homozygous Polled,85,0,590,0,1176,0,35.3,0,1175.0,102,4.34,110,0.19,100,14.97,112,18.6,0.75,1,-3.5,0.89,1,62.4,0.86,95,95.3,0.84,90,10.9,0.39,1,26.0,0.26,30,57.1,0.39,75,21.1,0.34,4,16.9,0.56,3,13.3,0.62,99,-0.46,0.46,35,0.77,0.62,1,-0.073,0.52,80,0.92,0.54,40,-0.54,0.21,1,188.9,1,92.4,4
3319012,E737,0,CAMP CAMPBELL E737,B,PB SM,B,P,Homozygous Polled,89,106,775,113,1342,114,0,0,1278.0,114,3.18,124,0.23,135,15.02,104,11.5,0.54,40,2.4,0.75,65,90.5,0.71,10,150.5,0.71,2,5.8,0.32,50,13.4,0.26,99,58.6,0.37,65,18.5,0.30,25,10.5,0.34,60,47.2,0.60,4,-0.30,0.45,95,0.37,0.56,10,-0.075,0.47,80,0.85,0.55,60,-0.52,0.19,1,154.6,10,90.2,10
3112013,2340C,0,CCR PAY DIRT 2340C,B,1/2 SM 1/2 AN,B,P,Homozygous Polled,77,99,668,112,1364,119,0,0,1373.0,118,4.38,136,0.28,156,14.23,115,8.9,0.62,90,1.5,0.86,75,91.4,0.84,5,145.9,0.83,5,6.0,0.40,65,24.2,0.32,35,69.9,0.43,10,13.6,0.36,65,11.6,0.62,55,47.1,0.71,10,0.01,0.54,99,0.66,0.66,10,-0.004,0.62,95,0.43,0.68,90,0,0,0,146.6,20,93.5,3
3191784,D4371,0,NIGHTVISION ADV D4371,B,5/8 SM 3/8 AN,B,P,Homozygous Polled,87,100,682,109,1219,108,0,0,1252.0,104,3.85,88,0.23,96,14.31,104,14.9,0.66,20,-0.5,0.81,35,67.6,0.74,75,110.0,0.72,65,7.1,0.39,45,25.1,0.32,30,58.9,0.43,55,15.9,0.31,35,13.9,0.56,25,19.2,0.69,90,-0.33,0.52,20,0.75,0.66,3,-0.042,0.58,50,0.83,0.65,20,-0.53,0.21,1,160.5,5,86.7,15
2912275,4170B,0,BAR CK VALEDICTORIAN,B,1/2 SM 1/2 AN,B,P,0,77,91,638,104,1155,101,36.0,0,1154.0,100,4.96,132,0.21,111,15.41,112,19.4,0.57,2,-3.3,0.65,5,68.8,0.61,75,110.6,0.61,60,10.9,0.32,4,23.1,0.26,45,57.4,0.36,65,7.9,0.31,99,13.4,0.39,30,40.9,0.56,25,-0.22,0.43,55,0.94,0.51,1,-0.006,0.44,95,1.06,0.53,3,-0.49,0.17,2,165.2,4,95.0,2
3288842,986E,0,TJ HIGH PLAINS 986E,B,PB SM,B,P,Homozygous Polled,94,0,808,0,1199,0,0,0,1093.0,100,4.17,122,0.23,115,12.00,94,13.7,0.63,15,0.6,0.78,30,91.0,0.73,10,135.1,0.70,10,6.5,0.39,35,35.6,0.27,1,81.0,0.38,1,18.4,0.38,25,8.9,0.48,80,44.4,0.64,10,-0.25,0.48,99,0.33,0.59,15,-0.053,0.51,99,0.82,0.59,65,-0.47,0.21,3,155.2,10,93.0,4
3164799,D616,0,ASR WESTERN JUSTICE D616,B,PB SM,B,P,Homozygous Polled,72,88,636,106,1381,112,0,0,1382.0,111,3.30,105,0.15,83,14.86,103,16.4,0.59,3,-0.9,0.72,10,66.0,0.65,90,107.7,0.62,65,10.5,0.36,2,16.0,0.28,99,48.9,0.39,99,20.1,0.32,10,15.1,0.34,10,16.7,0.61,95,-0.45,0.47,40,0.08,0.58,60,-0.090,0.50,60,0.80,0.59,70,-0.41,0.18,15,144.3,20,73.4,65
3569222,8281F,0,GIBBS 8281F BAREBACK,B,1/2 SM 1/2 AN,B,P,Homozygous Polled,90,113,875,121,1394,114,0,0,0,0,0,0,0,0,0,0,14.1,0.46,30,0.1,0.49,45,95.3,0.48,3,153.7,0.49,2,8.3,0.29,25,29.0,0.24,10,76.6,0.32,2,16.4,0.25,30,13.7,0.45,25,44.8,0.51,15,-0.12,0.40,80,0.36,0.45,40,-0.019,0.42,90,0.67,0.48,50,-0.35,0.05,50,147.7,15,92.1,5
3603651,G69,0,LBRS GENESIS G69,B,PB SM,B,P,Homozygous Polled,76,97,767,102,1325,113,38.0,0,1349.0,113,4.01,124,0.25,125,14.97,104,12.6,0.45,25,1.9,0.51,55,97.5,0.48,2,152.3,0.49,2,8.1,0.24,15,26.4,0.17,30,75.1,0.27,4,18.5,0.26,25,13.5,0.34,20,64.5,0.49,1,-0.23,0.38,99,0.61,0.43,1,-0.051,0.40,99,1.02,0.45,20,-0.40,0.06,20,170.9,1,101.5,1
3344847,E041,0,IR CAPITALIST E041,B,1/2 SM 1/2 AN,B,P,Homozygous Polled,76,91,692,114,1164,109,34.9,0,1168.0,108,4.21,127,0.17,94,11.78,92,16.8,0.68,10,-3.9,0.83,3,67.7,0.79,75,110.8,0.76,60,9.4,0.33,15,32.6,0.21,2,66.4,0.34,20,18.9,0.27,10,2.6,0.54,99,37.2,0.52,35,0.00,0.39,99,1.01,0.49,1,-0.010,0.40,95,0.30,0.47,99,-0.30,0.09,75,187.2,1,96.5,2
2749844,A322,0,OVAL F ALL TIME A322,B,PB SM,B,P,Homozygous Polled,66,81,740,111,1282,103,0,0,1256.0,103,2.79,103,0.30,125,15.80,99,11.5,0.66,40,1.2,0.84,40,81.6,0.81,30,118.7,0.78,40,9.0,0.49,10,36.8,0.49,1,77.6,0.58,2,15.9,0.37,55,5.6,0.52,99,40.1,0.68,15,-0.41,0.50,60,0.17,0.61,35,-0.098,0.53,40,0.93,0.62,40,-0.40,0.17,20,133.8,35,82.8,25
3256237,6328D,0,GIBBS 6328D IMPACT,B,5/8 SM 3/8 AN,B,P,Homozygous Polled,84,113,787,115,1323,117,0,0,1327.0,113,3.81,116,0.31,148,16.24,115,10.8,0.51,70,0.7,0.61,55,81.3,0.59,25,140.7,0.61,10,5.4,0.28,75,21.9,0.23,60,62.5,0.33,35,20.2,0.29,4,9.9,0.32,80,51.5,0.56,5,-0.16,0.42,70,0.50,0.50,20,-0.041,0.42,50,0.72,0.51,40,-0.38,0.18,30,154.0,10,86.1,15
3239478,D52,0,DFF  DUNDEE NS D52,B,PB SM,B,P,Homozygous Polled,75,101,748,97,1136,0,35.2,0,1156.0,100,3.40,100,0.18,100,14.15,100,9.3,0.47,70,5.2,0.56,99,100.3,0.61,1,150.0,0.58,2,4.9,0.25,70,25.4,0.20,35,75.5,0.31,4,14.9,0.28,70,13.1,0.29,25,47.9,0.50,4,-0.45,0.39,40,0.37,0.44,10,-0.080,0.40,80,1.29,0.47,2,0,0,0,141.4,20,93.4,3
3403357,45F,840003200620491,HOOK`S FREEDOM 45F,B,PB SM,B,P,Homozygous Polled,81,92,687,105,1407,108,39.7,0,1409.0,107,4.57,113,0.44,122,17.66,125,13.8,0.56,15,-1.5,0.65,10,86.1,0.58,20,137.4,0.58,10,10.4,0.35,2,28.3,0.29,20,71.4,0.38,10,19.3,0.37,15,16.5,0.33,4,43.2,0.56,10,-0.38,0.42,75,0.62,0.50,1,-0.023,0.42,99,1.45,0.53,1,-0.38,0.09,30,177.2,1,100.2,1
3036869,571C,0,MCDF DUAL PREMIUM 571C,B,1/2 SM 1/2 AN,B,P,Homozygous Polled,94,109,700,107,1063,103,37.5,0,1066.0,103,3.32,111,0.12,109,11.38,97,7.1,0.56,99,3.9,0.69,99,74.9,0.66,50,128.5,0.65,25,4.5,0.34,90,18.1,0.30,90,55.5,0.41,75,17.6,0.27,20,17.7,0.52,3,39.6,0.61,30,-0.06,0.47,95,0.84,0.57,2,-0.012,0.51,90,0.47,0.57,85,-0.51,0.18,1,153.1,10,85.0,20
3268068,709E,0,K-LER ARCHITECT 709E,B,1/2 SM 1/2 AN,B,P,Homozygous Polled,76,0,716,0,0,0,0,0,0,0,0,0,0,0,0,0,14.0,0.56,30,-0.5,0.69,35,64.3,0.65,85,104.1,0.60,75,6.4,0.29,60,26.0,0.23,25,58.1,0.34,60,17.7,0.32,20,15.4,0.32,15,30.1,0.59,60,-0.07,0.46,90,0.41,0.52,30,0.003,0.49,99,0.53,0.57,75,-0.41,0.09,20,140.9,25,74.6,60
2914314,4332B,0,3C BEAU NS 4332B BZ,B,PB SM,B,P,Homozygous Polled,87,94,704,106,1332,107,37.3,0,1308.0,108,4.78,124,0.26,130,17.46,114,16.1,0.68,4,-0.3,0.84,15,63.7,0.80,95,104.8,0.79,75,8.2,0.45,15,16.9,0.52,95,48.7,0.60,99,19.8,0.39,10,19.7,0.49,1,30.7,0.64,45,-0.43,0.48,50,0.33,0.60,15,-0.093,0.50,40,0.90,0.60,45,-0.13,0.19,99,154.8,10,77.5,45
3250533,SLNE8062,840003141903480,SLN AVONDALE E8062,B,PB SM,B,P,Homozygous Polled,80,93,740,122,1218,117,0,0,1223.0,112,1.85,76,0.21,117,14.78,115,14.2,0.59,15,-0.6,0.74,15,64.6,0.69,95,106.6,0.66,70,8.2,0.30,15,32.3,0.19,4,64.5,0.32,35,19.1,0.28,15,12.6,0.40,30,37.6,0.66,20,-0.30,0.49,95,0.70,0.61,1,-0.048,0.55,99,0.93,0.60,40,-0.38,0.18,30,162.2,3,84.2,20
3097854,CLRS 405D,0,CLRS DIVIDEND 405D,B,PB SM,B,P,Homozygous Polled,80,93,734,107,1342,104,35.2,0,1347.0,103,4.99,116,0.30,97,14.52,103,11.3,0.74,45,0.3,0.90,25,83.6,0.86,25,131.6,0.85,15,4.4,0.51,75,15.3,0.46,99,57.1,0.56,75,15.3,0.39,65,14.4,0.57,15,37.1,0.69,25,-0.23,0.50,99,0.15,0.66,40,-0.052,0.53,99,0.66,0.61,95,-0.53,0.20,1,135.0,35,82.3,25
3235289,6005D,0,BAR CK 1006X 6005D,B,1/2 SM 1/2 AN,B,P,0,82,96,0,0,0,0,0,0,1525.0,128,3.67,124,0.23,110,13.29,98,18.0,0.56,4,-3.1,0.64,10,59.0,0.60,95,91.9,0.55,95,10.0,0.31,10,25.1,0.20,30,54.6,0.31,80,23.2,0.31,1,9.9,0.30,80,-14.3,0.57,99,-0.32,0.45,25,0.76,0.52,3,-0.062,0.48,25,0.22,0.56,99,-0.40,0.18,25,179.2,1,84.5,20
3615290,G67,0,OMF/DK GUINESS G67,B,PB SM,R,P,Homozygous Polled,95,0,923,0,1383,0,0,0,1425.0,109,2.96,87,0.27,93,15.07,108,10.7,0.44,50,1.6,0.47,50,92.4,0.49,10,138.1,0.49,10,3.1,0.29,95,17.8,0.25,95,64.0,0.33,40,11.9,0.32,95,13.8,0.36,20,50.4,0.51,2,-0.53,0.41,10,0.29,0.46,15,-0.107,0.44,20,1.33,0.49,2,-0.26,0.05,90,136.5,30,90.7,10
3104722,5063C,0,GIBBS 5063C HOME RUN,B,5/8 SM 3/8 AN,B,P,Homozygous Polled,74,112,709,111,1256,113,0,0,1263.0,112,2.55,79,0.26,137,14.32,106,17.8,0.65,5,-3.6,0.79,4,69.4,0.75,70,106.8,0.73,70,8.1,0.41,30,6.9,0.28,99,41.6,0.40,99,15.9,0.33,35,18.2,0.47,2,41.3,0.71,25,-0.16,0.53,70,0.17,0.69,80,-0.039,0.60,65,0.63,0.66,55,-0.65,0.18,1,136.1,35,74.0,65
2968383,4478B,0,GIBBS 4478B RELEVANT,B,PB SM,B,P,Homozygous Polled,79,98,708,100,1080,106,0,0,1084.0,105,2.53,111,0.14,117,12.76,98,11.6,0.60,40,0.8,0.72,30,65.7,0.66,90,107.3,0.65,65,7.1,0.35,25,25.7,0.29,30,58.5,0.40,70,21.0,0.32,4,12.5,0.32,35,26.9,0.59,60,-0.47,0.46,30,0.15,0.53,40,-0.099,0.48,40,0.91,0.57,45,-0.55,0.20,1,140.1,25,73.2,70
3242835,590E,0,GW MAJOR MOVE 590E,B,5/8 SM 1/4 AN 1/8 AR,R,P,Homozygous Polled,88,102,782,114,1304,110,0,0,1286.0,106,3.32,88,0.35,135,15.71,115,8.6,0.61,90,0.8,0.83,60,92.9,0.80,4,143.4,0.79,10,4.3,0.34,90,29.8,0.28,5,76.2,0.40,2,21.1,0.30,2,18.2,0.37,2,45.8,0.60,15,-0.28,0.45,35,0.33,0.56,45,-0.027,0.48,75,1.12,0.55,2,-0.15,0.19,99,145.6,20,88.6,10
2969665,303C,0,LRS ICONIC 303C,B,1/2 SM 1/2 AN,B,P,Homozygous Polled,81,94,744,102,1385,105,36.4,0,1394.0,103,3.99,152,0.35,146,14.49,104,18.1,0.69,4,-2.1,0.86,15,85.9,0.84,15,133.4,0.82,15,8.9,0.47,20,11.7,0.46,99,54.6,0.55,80,14.4,0.32,55,15.6,0.69,10,48.3,0.68,10,-0.13,0.53,80,0.63,0.69,10,-0.024,0.58,75,0.71,0.67,40,-0.16,0.18,99,163.3,4,94.4,3
3115609,D76,0,WS RED MOON D76,B,PB SM,R,P,Homozygous Polled,82,0,755,0,1319,0,36.9,0,1312.0,100,2.48,100,0.38,146,14.79,95,17.9,0.71,1,-2.9,0.86,2,73.0,0.82,65,106.9,0.80,70,10.7,0.47,2,29.0,0.36,15,65.5,0.46,30,12.2,0.20,90,12.7,0.57,30,28.9,0.62,55,-0.44,0.49,45,0.23,0.55,25,-0.098,0.54,40,0.86,0.60,55,-0.22,0.20,99,142.6,20,84.4,20
3563620,210G,840003209720144,HOOK`S GALILEO 210G,B,3/4 SM 1/4 AN,B,P,Homozygous Polled,77,89,713,107,1328,113,36.9,0,1334.0,113,5.33,131,0.28,112,12.75,94,19.7,0.44,2,-2.9,0.49,10,90.1,0.47,10,148.8,0.47,3,13.5,0.22,1,27.6,0.14,15,72.6,0.25,5,19.3,0.28,10,17.0,0.33,4,47.5,0.47,10,-0.17,0.37,70,0.89,0.45,1,-0.028,0.38,75,0.82,0.45,25,-0.38,0.09,30,194.4,1,106.8,1
2968152,4091B,0,GIBBS 4091B THE ROCK,B,5/8 SM 3/8 AN,B,P,Homozygous Polled,75,106,781,0,1038,0,0,0,1048.0,100,2.56,100,0.15,100,14.58,100,16.9,0.66,10,-3.3,0.78,5,69.4,0.74,70,114.0,0.74,55,10.2,0.40,10,17.7,0.34,90,52.3,0.45,90,18.9,0.32,10,10.0,0.44,80,39.2,0.65,30,-0.35,0.49,20,0.26,0.62,60,-0.071,0.53,15,0.94,0.61,10,-0.64,0.21,1,147.7,15,78.3,45
3253742,6E,840003144985032,HOOK`S EAGLE 6E,B,3/4 SM 1/4 AN,B,P,Homozygous Polled,80,91,755,104,1389,106,35.9,0,1395.0,106,4.75,114,0.28,97,15.70,106,15.1,0.77,20,-1.7,0.91,15,103.5,0.89,1,166.6,0.88,1,9.9,0.41,10,20.4,0.27,70,72.1,0.39,5,18.4,0.27,15,19.5,0.61,1,45.8,0.68,15,-0.31,0.48,25,0.55,0.60,15,-0.046,0.44,50,1.08,0.64,3,-0.53,0.21,1,171.5,2,104.4,1
3403323,11F,840003200620507,HOOK`S FULL FIGURES 11F,B,3/4 SM 1/4 AN,B,P,Homozygous Polled,80,91,765,113,1483,114,38.3,0,1489.0,113,4.53,112,0.43,126,15.99,111,15.4,0.59,15,-2.4,0.74,10,82.0,0.71,25,135.4,0.69,15,9.2,0.31,15,27.6,0.25,15,68.6,0.36,15,18.1,0.30,15,14.0,0.36,25,34.4,0.56,45,-0.40,0.42,10,0.56,0.53,15,-0.047,0.43,50,1.19,0.52,1,-0.37,0.10,35,165.2,4,93.8,3
3646242,106G,0,LCDR PROGRESSIVE 106G,B,PB SM,B,P,Homozygous Polled,56,0,679,0,1171,0,37.1,0,0,0,0,0,0,0,0,0,12.6,0.44,25,-3.1,0.48,2,90.3,0.48,10,139.8,0.47,10,6.5,0.25,35,26.1,0.20,30,71.2,0.28,15,17.2,0.25,40,12.2,0.35,40,54.9,0.49,1,-0.29,0.39,99,0.46,0.44,4,-0.064,0.38,95,0.98,0.50,30,-0.29,0.09,80,166.3,2,99.7,1
2899305,B30,0,TRPH RRR NIGHTFORCE B30,B,3/4 SM 1/4 AN,B,P,Homozygous Polled,66,0,662,0,1193,0,0,0,1182.0,108,5.79,141,0.34,131,14.99,114,14.8,0.69,20,-1.7,0.82,15,68.3,0.78,75,97.2,0.77,85,5.4,0.47,75,19.5,0.48,80,53.6,0.56,85,19.0,0.39,10,17.2,0.57,3,16.0,0.70,95,-0.35,0.53,20,0.98,0.64,1,-0.050,0.60,50,0.81,0.66,25,-0.53,0.18,1,188.0,1,96.7,2
3255518,E053,0,WBF IRON CLAD E053,B,1/2 SM 1/2 AN,B,P,Homozygous Polled,78,90,759,112,1385,112,34.9,0,1391.0,111,4.06,103,0.32,107,13.93,102,7.5,0.61,95,2.2,0.73,85,80.6,0.67,30,132.5,0.63,20,3.3,0.28,95,31.1,0.19,3,71.4,0.31,10,16.4,0.27,30,17.4,0.44,3,46.8,0.53,15,-0.17,0.38,70,0.25,0.42,60,-0.055,0.35,35,0.58,0.47,65,0,0,0,123.8,60,77.3,50
3030090,C33,0,RHF-SFORK 672X 227 C33,B,5/8 SM 3/8 AN,B,P,0,75,100,699,113,1232,111,39.7,0,1237.0,105,4.10,99,0.21,111,15.01,103,12.0,0.54,55,0.8,0.66,60,82.1,0.61,25,126.0,0.61,30,6.9,0.35,50,16.5,0.31,95,57.6,0.40,65,17.0,0.34,25,15.7,0.30,10,31.5,0.56,55,-0.19,0.43,65,0.45,0.54,25,-0.035,0.44,65,0.62,0.53,60,-0.55,0.19,1,143.3,25,83.8,25
2889313,B1393,0,RLWF PROPHET MARGIN 1393,B,3/8 SM 5/8 AN,B,P,Homozygous Polled,64,82,581,97,1146,99,0,0,1153.0,100,4.12,122,0.29,126,15.47,107,19.8,0.64,2,-4.8,0.74,2,66.1,0.71,80,116.0,0.71,50,15.3,0.42,1,35.8,0.36,1,68.8,0.46,15,16.4,0.34,30,6.6,0.51,99,34.4,0.64,45,0.16,0.49,99,0.74,0.60,3,0.040,0.53,99,0.15,0.60,99,0,0,0,170.2,2,89.2,10
(3572945),D64,0,BAR R POLLED ZURUTANI D64,B,PB KB,B,P,0,0,0,0,0,0,0,0,0,0,0,0,0,0,0,0,0,14.5,0.04,25,-3.0,0.09,10,29.8,0.08,99,37.7,0.06,99,8.0,0.02,30,16.2,0.00,95,31.1,0.04,99,4.2,0.00,99,9.6,0.00,80,42.2,0.14,20,-0.02,0.08,99,0.21,0.00,70,-0.035,0.00,65,0.20,0.13,99,0,0,0,106.7,90,61.0,99
3022818,1109C,0,TJ FIRST CUT 1109C,B,1/2 SM 1/2 AN,B,P,Homozygous Polled,75,83,823,126,1287,121,0,0,1199.0,110,4.16,114,0.25,125,12.35,96,14.0,0.64,30,1.4,0.81,70,85.4,0.78,15,132.2,0.78,20,8.8,0.47,20,22.1,0.46,55,64.8,0.55,25,20.3,0.37,3,14.5,0.60,20,41.0,0.64,25,0.09,0.51,99,0.77,0.64,3,0.035,0.58,99,0.41,0.63,90,-0.66,0.38,1,169.3,3,92.7,4
3644912,752G,0,W/C REST EASY 752G,B,PB SM,B,P,Homozygous Polled,71,83,729,99,1296,99,0,0,1305.0,97,2.00,85,0.14,64,16.20,117,18.5,0.44,1,-3.8,0.49,1,70.7,0.47,75,114.5,0.47,50,9.3,0.23,5,24.4,0.15,40,59.7,0.25,60,11.9,0.26,95,13.4,0.35,25,30.1,0.45,50,-0.49,0.35,20,0.13,0.41,45,-0.098,0.36,40,1.03,0.43,20,-0.30,0.06,75,140.3,25,82.1,25
2676362,1084Y,0,GIBBS 1084Y TUX & TAILS,B,PB SM,B,P,Homozygous Polled,78,0,609,0,1133,0,0,0,1135.0,92,2.01,82,0.13,68,15.30,99,7.8,0.59,85,2.2,0.73,65,66.7,0.69,90,108.7,0.66,65,1.5,0.37,99,25.1,0.33,35,58.4,0.45,70,13.9,0.33,80,6.7,0.47,95,20.7,0.59,85,-0.47,0.43,30,-0.15,0.55,99,-0.071,0.43,80,1.07,0.54,15,-0.46,0.17,4,102.3,99,63.9,99
2703755,3011Y,0,CCR PREMIUM REVENUE,B,1/2 SM 1/2 AN,B,P,Homozygous Polled,78,0,569,0,1125,0,37.2,0,1134.0,105,3.11,105,0.39,229,14.21,104,10.7,0.61,70,3.1,0.75,95,71.7,0.72,60,109.5,0.70,65,6.5,0.39,60,17.6,0.30,90,53.5,0.41,85,14.7,0.34,50,13.6,0.56,30,44.0,0.67,20,-0.06,0.50,95,0.16,0.62,80,-0.013,0.57,90,0.53,0.61,75,-0.44,0.17,10,112.5,80,66.9,90
3041151,2101C,0,W/C RAPID FIRE 2101C,B,1/2 SM 1/2 AN,B,P,Homozygous Polled,73,88,867,113,1418,114,0,0,1424.0,109,4.95,152,0.34,126,16.38,107,11.4,0.68,65,0.8,0.86,60,74.2,0.83,50,124.4,0.81,30,3.0,0.46,99,23.0,0.38,50,60.0,0.48,50,12.6,0.34,75,13.8,0.72,25,58.6,0.73,2,-0.08,0.55,90,0.43,0.70,30,-0.011,0.60,90,0.79,0.70,25,-0.43,0.36,15,131.3,45,79.4,40
